signal_date,signal_year,fear_prev,fear_now,downcross75,actual_d40_call_open,horizon_sessions,exit_date,signal_close,exit_close,return_t_close_to_h_close,return_t1_close_to_t1_plus_h_close,max_future_close_upside,interval_max_drawdown
2022-11-16,2022,76.41,45.44,True,True,1,2022-11-17,6702.04,6714.5,0.0018591354274219984,-0.008355052498324578,0.0018591354274219984,0.0
2023-04-04,2023,75.29,45.31,True,True,1,2023-04-06,6953.36,6983.03,0.004267001852341856,0.008572210057811613,0.004267001852341856,0.0
2023-10-31,2023,76.14,46.41,True,True,1,2023-11-01,5969.34,5958.42,-0.0018293479681170677,-0.012280101100627383,-0.0018293479681170677,-0.0018293479681170677
2023-11-07,2023,80.47,69.9,True,False,1,2023-11-08,6116.76,6138.94,0.0036261027079693697,-0.00623071735511338,0.0036261027079693697,0.0
2023-11-16,2023,77.92,46.25,True,False,1,2023-11-17,6145.15,6199.23,0.00880043611628678,0.008718824757268262,0.00880043611628678,0.0
2023-11-21,2023,75.57,45.08,True,False,1,2023-11-22,6212.13,6132.97,-0.012742811241876706,0.01052671054970089,-0.012742811241876706,-0.012742811241876706
2024-02-22,2024,75.22,72.94,True,True,1,2024-02-23,5151.53,5225.67,0.014391840870576322,0.005689222625998136,0.014391840870576322,0.0
2024-02-28,2024,76.89,30.83,True,False,1,2024-02-29,5152.05,5344.61,0.037375413670286406,0.010726694744799037,0.037375413670286406,0.0
2024-03-04,2024,75.22,70.25,True,False,1,2024-03-05,5428.34,5375.13,-0.009802259991083861,0.0011776459360053337,-0.009802259991083861,-0.009802259991083861
2024-03-13,2024,87.34,64.98,True,False,1,2024-03-14,5521.78,5486.65,-0.006362078894849188,0.012574157272652764,-0.006362078894849188,-0.006362078894849188
2024-03-19,2024,94.67,65.34,True,False,1,2024-03-20,5607.48,5659.15,0.00921447780464657,-0.00015373333451129678,0.00921447780464657,0.0
2024-03-21,2024,89.69,66.03,True,False,1,2024-03-22,5658.28,5595.88,-0.011028086273567217,-0.023199210847980933,-0.011028086273567217,-0.011028086273567217
2024-04-02,2024,80.22,57.83,True,False,1,2024-04-03,5531.05,5500.93,-0.005445620632610448,-0.018364167513493235,-0.005445620632610448,-0.005445620632610448
2024-10-09,2024,99.82,54.11,True,False,1,2024-10-10,5727.38,5654.53,-0.012719603029657578,-0.04204947183939245,-0.012719603029657578,-0.012719603029657578
2024-10-15,2024,96.88,57.93,True,False,1,2024-10-16,5507.18,5524.25,0.003099589989794982,-0.0033742136941666834,0.003099589989794982,0.0
2024-10-24,2024,90.13,65.61,True,False,1,2024-10-25,5861.63,5974.91,0.019325682446691417,0.01793834551482787,0.019325682446691417,0.0
2024-10-29,2024,96.34,61.36,True,False,1,2024-10-30,5983.84,6019.35,0.005934316425572961,0.01616619734688962,0.005934316425572961,0.0
2024-11-01,2024,81.2,37.99,True,False,1,2024-11-04,5930.23,6053.11,0.0207209501149197,0.03525956078776038,0.0207209501149197,0.0
2024-11-06,2024,95.91,68.23,True,False,1,2024-11-07,6293.19,6403.92,0.01759521006039866,0.0029981636247797816,0.01759521006039866,0.0
2024-11-08,2024,77.03,65.85,True,False,1,2024-11-11,6423.12,6579.01,0.02427013663141908,-0.013229954050837378,0.02427013663141908,0.0
2024-11-12,2024,94.63,61.1,True,False,1,2024-11-13,6491.97,6474.39,-0.0027079607576744325,-0.03123074142892235,-0.0027079607576744325,-0.0027079607576744325
2024-11-14,2024,85.86,53.07,True,False,1,2024-11-15,6272.19,6125.51,-0.02338577115808027,-0.024642846065062285,-0.02338577115808027,-0.02338577115808027
2024-11-21,2024,83.53,70.64,True,False,1,2024-11-22,6262.16,6030.49,-0.036995222095890234,0.0035884314541605455,-0.036995222095890234,-0.036995222095890234
2024-12-03,2024,84.14,58.37,True,False,1,2024-12-04,6303.28,6204.94,-0.01560140117526121,0.012999319896727535,-0.01560140117526121,-0.01560140117526121
2025-02-11,2025,75.28,62.81,True,False,1,2025-02-12,6190.17,6284.61,0.015256446915028032,-0.011474061238485711,0.015256446915028032,0.0
2025-02-18,2025,79.89,46.92,True,False,1,2025-02-19,6142.14,6288.53,0.023833712679945274,0.00729582271214424,0.023833712679945274,0.0
2025-02-24,2025,79.06,67.02,True,True,1,2025-02-25,6464.02,6435.43,-0.0044229442359399185,0.013826581906725588,-0.0044229442359399185,-0.0044229442359399185
2025-02-27,2025,80.34,57.41,True,False,1,2025-02-28,6499.53,6270.42,-0.03525024117128461,0.0005183065887133242,-0.03525024117128461,-0.03525024117128461
2025-03-07,2025,76.63,50.71,True,False,1,2025-03-10,6507.76,6520.97,0.0020298843227162244,0.004717089635437599,0.0020298843227162244,0.0
2025-08-29,2025,76.31,67.25,True,True,1,2025-09-01,7438.68,7501.15,0.008397995343259801,-0.02496550528918895,0.008397995343259801,0.0
2025-09-02,2025,76.55,46.13,True,False,1,2025-09-03,7313.88,7206.88,-0.014629717742156045,-0.022996081522101197,-0.014629717742156045,-0.014629717742156045
2025-09-09,2025,78.4,62.01,True,False,1,2025-09-10,7226.03,7230.17,0.0005729287035896036,0.023473860227352983,0.0005729287035896036,0.0
2025-09-12,2025,84.75,64.69,True,False,1,2025-09-15,7422.88,7415.57,-0.0009847929644558606,0.00917798631797706,-0.0009847929644558606,-0.0009847929644558606
2025-09-18,2025,80.01,57.86,True,False,1,2025-09-19,7476.4,7438.19,-0.005110748488577399,0.006895494737295005,-0.005110748488577399,-0.005110748488577399
2025-09-25,2025,78.38,67.05,True,False,1,2025-09-26,7506.51,7397.59,-0.014510071924236478,0.013550358968258625,-0.014510071924236478,-0.014510071924236478
2026-01-07,2026,77.56,70.61,True,False,1,2026-01-08,7906.42,7971.59,0.008242668616137205,0.01976895449966687,0.008242668616137205,0.0
2026-01-13,2026,80.16,44.55,True,False,1,2026-01-14,8203.13,8257.17,0.006587729317955482,-0.00198494157199125,0.006587729317955482,0.0
2026-01-26,2026,77.73,42.76,True,True,1,2026-01-27,8365.43,8382.15,0.001998701800146385,0.0021044720030065633,0.001998701800146385,0.0
2026-05-08,2026,76.51,64.84,True,False,1,2026-05-11,8741.15,8866.78,0.014372250790799956,-0.0050627172434639656,0.014372250790799956,0.0
2026-05-12,2026,79.22,56.33,True,False,1,2026-05-13,8821.89,8955.45,0.01513961294008448,-0.01973546834609108,0.01513961294008448,0.0
2026-05-14,2026,77.42,51.87,True,True,1,2026-05-15,8778.71,8682.65,-0.010942382195106015,0.004325868254507537,-0.010942382195106015,-0.010942382195106015
2022-11-16,2022,76.41,45.44,True,True,5,2022-11-23,6702.04,6567.99,-0.02000137271636704,-0.019009606076401897,0.0018591354274219984,-0.02181994191674741
2023-04-04,2023,75.29,45.31,True,True,5,2023-04-12,6953.36,7021.02,0.009730547533854272,-0.0023213418816759868,0.012875789546348937,-0.01055248626629135
2023-10-31,2023,76.14,46.41,True,True,5,2023-11-07,5969.34,6116.76,0.024696197569580525,0.030296622258920936,0.024696197569580525,-0.014086984490747745
2023-11-07,2023,80.47,69.9,True,False,5,2023-11-14,6116.76,6181.98,0.010662507602063664,0.011130586062088943,0.010662507602063664,-0.008206628505898261
2023-11-16,2023,77.92,46.25,True,False,5,2023-11-23,6145.15,6197.53,0.008523795188075223,-0.013521034063907922,0.017595990333840517,-0.01923950310876843
2023-11-21,2023,75.57,45.08,True,False,5,2023-11-28,6212.13,6143.3,-0.011079935545457054,-0.0031958414927841794,-0.0023502405777084956,-0.016221489247649434
2024-02-22,2024,75.22,72.94,True,True,5,2024-02-29,5151.53,5344.61,0.03748012726316263,0.03373155978085096,0.04707339372962993,-0.04486070711508827
2024-02-28,2024,76.89,30.83,True,False,5,2024-03-06,5152.05,5381.46,0.04452790636736825,-0.007733024486351603,0.05362719694102336,-0.009802259991083861
2024-03-04,2024,75.22,70.25,True,False,5,2024-03-11,5428.34,5466.65,0.007057406131524502,0.022553873115626955,0.007057406131524502,-0.023038350582314404
2024-03-13,2024,87.34,64.98,True,False,5,2024-03-20,5521.78,5659.15,0.024877847360814886,0.03128138299326544,0.024877847360814886,-0.00717597879607168
2024-03-19,2024,94.67,65.34,True,False,5,2024-03-26,5607.48,5447.75,-0.028485166242233517,-0.06943092160483466,0.00921447780464657,-0.03735543323644008
2024-03-21,2024,89.69,66.03,True,False,5,2024-03-28,5658.28,5382.24,-0.048785143188389446,-0.027631042838659803,-0.011028086273567217,-0.06928784012102618
2024-04-02,2024,80.22,57.83,True,False,5,2024-04-11,5531.05,5379.92,-0.02732392583686649,-0.029478651791606136,-0.005445620632610448,-0.02965078963307144
2024-10-09,2024,99.82,54.11,True,False,5,2024-10-16,5727.38,5524.25,-0.0354664785643698,-0.02633640638567658,-0.012719603029657578,-0.05423422227964614
2024-10-15,2024,96.88,57.93,True,False,5,2024-10-22,5507.18,5888.81,0.06929680889311762,0.0686663347965788,0.06929680889311762,-0.0033742136941666834
2024-10-24,2024,90.13,65.61,True,False,5,2024-10-31,5861.63,6116.66,0.043508375656600595,-0.007477936906162608,0.043508375656600595,-0.016153986540810794
2024-10-29,2024,96.34,61.36,True,False,5,2024-11-05,5983.84,6266.54,0.047243910264980205,0.04549328415858844,0.047243910264980205,-0.0304790522932451
2024-11-01,2024,81.2,37.99,True,False,5,2024-11-08,5930.23,6423.12,0.08311482016717742,0.08688095871378532,0.08311482016717742,0.0
2024-11-06,2024,95.91,68.23,True,False,5,2024-11-13,6293.19,6474.39,0.02879302865478417,-0.020570213244387903,0.04541734795866659,-0.015902088612116394
2024-11-08,2024,77.03,65.85,True,False,5,2024-11-15,6423.12,6125.51,-0.046334180273761016,-0.09187552534499865,0.02427013663141908,-0.06893134377360732
2024-11-12,2024,94.63,61.1,True,False,5,2024-11-19,6491.97,6130.28,-0.055713442914862576,-0.03453452757711539,-0.0027079607576744325,-0.07969999861367194
2024-11-14,2024,85.86,53.07,True,False,5,2024-11-21,6272.19,6262.16,-0.0015991224755627087,-0.015512177761525248,-0.0015991224755627087,-0.04745232526438126
2024-11-21,2024,83.53,70.64,True,False,5,2024-11-28,6262.16,6086.09,-0.028116496544323355,0.026306320050277998,-0.022915415767083558,-0.044807223066801294
2024-12-03,2024,84.14,58.37,True,False,5,2024-12-10,6303.28,6362.02,0.009318957748981616,0.03907048255099976,0.009318957748981616,-0.01560140117526121
2025-02-11,2025,75.28,62.81,True,False,5,2025-02-18,6190.17,6142.14,-0.007759076083532435,0.0006237459444580207,0.015256446915028032,-0.022669664466052675
2025-02-18,2025,79.89,46.92,True,False,5,2025-02-25,6142.14,6435.43,0.0477504583093189,0.03750956105798964,0.052405187768432615,-0.0044229442359399185
2025-02-24,2025,79.06,67.02,True,True,5,2025-03-03,6464.02,6273.67,-0.029447619283356263,-0.012089324256498779,0.009342483470038632,-0.0389291905321707
2025-02-27,2025,80.34,57.41,True,False,5,2025-03-06,6499.53,6534.97,0.005452701964603568,0.03785073408160855,0.005452701964603568,-0.03525024117128461
2025-03-07,2025,76.63,50.71,True,False,5,2025-03-14,6507.76,6571.17,0.009743752074446554,0.010519907314402444,0.009743752074446554,-0.01524599625093459
2025-08-29,2025,76.31,67.25,True,True,5,2025-09-05,7438.68,7245.67,-0.02594680776696945,-0.025345447031455137,0.008397995343259801,-0.06132393033068262
2025-09-02,2025,76.55,46.13,True,False,5,2025-09-09,7313.88,7226.03,-0.012011408445312233,0.0032316342161933242,-0.0003896700520107377,-0.0372893730824132
2025-09-09,2025,78.4,62.01,True,False,5,2025-09-16,7226.03,7483.63,0.035648897112245725,0.04490074230619756,0.035648897112245725,-0.0009847929644558606
2025-09-12,2025,84.75,64.69,True,False,5,2025-09-19,7422.88,7438.19,0.0020625417627657683,0.009966867010897218,0.017773424870131338,-0.015436523221629805
2025-09-18,2025,80.01,57.86,True,False,5,2025-09-25,7476.4,7506.51,0.004027339361190041,-0.0054583171443589595,0.007733668610561351,-0.010869913532047581
2025-09-25,2025,78.38,67.05,True,False,5,2025-10-10,7506.51,7533.82,0.003638175397088661,0.01651483794046449,0.018855633310286724,-0.014935833316989333
2026-01-07,2026,77.56,70.61,True,False,5,2026-01-14,7906.42,8257.17,0.044362682478289894,0.033768670992863514,0.05699039514723481,-0.018413284176996392
2026-01-13,2026,80.16,44.55,True,False,5,2026-01-20,8203.13,8182.75,-0.0024844175333073037,-0.0011493041804879756,0.007621481068811553,-0.01002945926817611
2026-01-26,2026,77.73,42.76,True,True,5,2026-02-02,8365.43,7975.43,-0.046620436725906544,-0.020645061231306938,0.004107380015133888,-0.05052031062681339
2026-05-08,2026,76.51,64.84,True,False,5,2026-05-15,8741.15,8682.65,-0.006692483254491677,-0.016530239839039784,0.02451622498183892,-0.03046189750375483
2026-05-12,2026,79.22,56.33,True,False,5,2026-05-19,8821.89,8808.64,-0.001501945728182963,-0.016363220162024295,0.01513961294008448,-0.03046189750375483
2026-05-14,2026,77.42,51.87,True,True,5,2026-05-21,8778.71,8510.5,-0.03055232488600257,0.0011540255567137336,0.0034401409774329483,-0.033875927895732794
2022-11-16,2022,76.41,45.44,True,True,10,2022-11-30,6702.04,6590.31,-0.016671043443488798,-0.008350584555812057,0.0018591354274219984,-0.033031498994712916
2023-04-04,2023,75.29,45.31,True,True,10,2023-04-19,6953.36,6965.58,0.0017574237490940448,-0.0027394984698619895,0.012875789546348937,-0.010977027896218794
2023-10-31,2023,76.14,46.41,True,True,10,2023-11-14,5969.34,6181.98,0.035622028565972075,0.04176442748245357,0.035622028565972075,-0.014086984490747745
2023-11-07,2023,80.47,69.9,True,False,10,2023-11-21,6116.76,6212.13,0.015591587703293941,-0.0009724805911117684,0.022319005486564736,-0.010007620097079895
2023-11-16,2023,77.92,46.25,True,False,10,2023-11-30,6145.15,6080.55,-0.01051235527204375,-0.011159450447878139,0.017595990333840517,-0.027622303814957894
2023-11-21,2023,75.57,45.08,True,False,10,2023-12-05,6212.13,5992.6,-0.035338925618105144,-0.017800511008532527,-0.0023502405777084956,-0.035338925618105144
2024-02-22,2024,75.22,72.94,True,True,10,2024-03-07,5151.53,5303.28,0.029457268034933204,0.02769022919549058,0.053733551003294355,-0.04486070711508827
2024-02-28,2024,76.89,30.83,True,False,10,2024-03-13,5152.05,5521.78,0.07176366688987867,0.02657630771936592,0.07176366688987867,-0.023038350582314404
2024-03-04,2024,75.22,70.25,True,False,10,2024-03-18,5428.34,5648.01,0.04046725149861663,0.043226861489861435,0.04046725149861663,-0.023038350582314404
2024-03-13,2024,87.34,64.98,True,False,10,2024-03-27,5521.78,5266.23,-0.04628036611382569,-0.01902982694358124,0.024877847360814886,-0.06943092160483466
2024-03-19,2024,94.67,65.34,True,False,10,2024-04-02,5607.48,5531.05,-0.013630008488661471,-0.02795826228320497,0.00921447780464657,-0.06943092160483466
2024-03-21,2024,89.69,66.03,True,False,10,2024-04-08,5658.28,5399.91,-0.045662286065730195,-0.02268990757485867,-0.011028086273567217,-0.06928784012102618
2024-04-02,2024,80.22,57.83,True,False,10,2024-04-18,5531.05,5286.72,-0.044174252628343624,-0.043000001817874445,-0.005445620632610448,-0.08396054998598823
2024-10-09,2024,99.82,54.11,True,False,10,2024-10-23,5727.38,5903.58,0.03076450314105217,0.03662550203111503,0.03076450314105217,-0.05423422227964614
2024-10-15,2024,96.88,57.93,True,False,10,2024-10-29,5507.18,5983.84,0.08655246423759522,0.08962302575010184,0.10439281083966745,-0.016153986540810794
2024-10-24,2024,90.13,65.61,True,False,10,2024-11-07,5861.63,6403.92,0.09251522187514394,0.07501535587983743,0.09251522187514394,-0.0304790522932451
2024-10-29,2024,96.34,61.36,True,False,10,2024-11-12,5983.84,6491.97,0.08491704323645011,0.07559620224775099,0.0994628867082008,-0.0304790522932451
2024-11-01,2024,81.2,37.99,True,False,10,2024-11-15,5930.23,6125.51,0.03292958283236924,-0.012976800355519624,0.10940216484014975,-0.06893134377360732
2024-11-06,2024,95.91,68.23,True,False,10,2024-11-20,6293.19,6250.8,-0.006735852564438649,-0.022136441429624343,0.04541734795866659,-0.09187552534499865
2024-11-08,2024,77.03,65.85,True,False,10,2024-11-22,6423.12,6030.49,-0.06112761399444511,-0.08008499759082299,0.02427013663141908,-0.09187552534499865
2024-11-12,2024,94.63,61.1,True,False,10,2024-11-26,6491.97,5981.57,-0.07862020311246054,-0.05494417234673854,-0.0027079607576744325,-0.07969999861367194
2024-11-14,2024,85.86,53.07,True,False,10,2024-11-28,6272.19,6086.09,-0.029670657298327963,0.010386073975881205,-0.0015991224755627087,-0.04745232526438126
2024-11-21,2024,83.53,70.64,True,False,10,2024-12-05,6262.16,6285.6,0.0037431173908044624,0.05291941450860538,0.00821601492136903,-0.044807223066801294
2024-12-03,2024,84.14,58.37,True,False,10,2024-12-17,6303.28,6143.94,-0.025278902412712134,-0.0014617385502518898,0.02964646977446672,-0.05334391346887202
2025-02-11,2025,75.28,62.81,True,False,10,2025-02-25,6190.17,6435.43,0.03962088278674103,0.03815670343903599,0.04423949584583298,-0.022669664466052675
2025-02-18,2025,79.89,46.92,True,False,10,2025-03-04,6142.14,6357.63,0.03508386327892232,0.01744604859959331,0.06223726583894207,-0.0389291905321707
2025-02-24,2025,79.06,67.02,True,True,10,2025-03-10,6464.02,6520.97,0.0088103068988028,0.018071830475974382,0.010976141781739557,-0.0389291905321707
2025-02-27,2025,80.34,57.41,True,False,10,2025-03-13,6499.53,6466.85,-0.005028055874809367,0.04796329432478208,0.010376134889753752,-0.03525024117128461
2025-03-07,2025,76.63,50.71,True,False,10,2025-03-21,6507.76,6405.61,-0.015696645235841578,-0.02463283836607133,0.016007043898361273,-0.031204202101353218
2025-08-29,2025,76.31,67.25,True,True,10,2025-09-12,7438.68,7422.88,-0.0021240327585001495,-0.011408917299347454,0.008397995343259801,-0.06132393033068262
2025-09-02,2025,76.55,46.13,True,False,10,2025-09-16,7313.88,7483.63,0.02320929520309334,0.04827747929756021,0.02320929520309334,-0.0372893730824132
2025-09-09,2025,78.4,62.01,True,False,10,2025-09-23,7226.03,7408.07,0.025192256328855578,0.04205295311175261,0.04549939593386698,-0.019423387219533073
2025-09-12,2025,84.75,64.69,True,False,10,2025-09-26,7422.88,7397.59,-0.0034070333886577764,0.011092876205065938,0.017773424870131338,-0.020810582926638843
2025-09-18,2025,80.01,57.86,True,False,10,2025-10-10,7476.4,7533.82,0.007680166925258192,0.010966377573038644,0.02295891070568734,-0.018134591238376352
2025-09-25,2025,78.38,67.05,True,False,10,2025-10-17,7506.51,7185.48,-0.042766878349592585,-0.02141373068796726,0.018855633310286724,-0.060482083668386144
2026-01-07,2026,77.56,70.61,True,False,10,2026-01-21,7906.42,8247.68,0.04316239208137196,0.04237046812492862,0.05699039514723481,-0.02085195542424867
2026-01-13,2026,80.16,44.55,True,False,10,2026-01-27,8203.13,8382.15,0.02182337717432259,0.017272261561769975,0.0326229134488909,-0.012432207811832185
2026-01-26,2026,77.73,42.76,True,True,10,2026-02-09,8365.43,8233.78,-0.01573738588452711,-0.01572985451226716,0.004107380015133888,-0.05052031062681339
2026-05-08,2026,76.51,64.84,True,False,10,2026-05-22,8741.15,8692.67,-0.005546180994491556,-0.007609301234495658,0.02451622498183892,-0.049684828791406455
2026-05-12,2026,79.22,56.33,True,False,10,2026-05-26,8821.89,8687.25,-0.015262035686230413,-0.045663813655371976,0.01513961294008448,-0.049684828791406455
2026-05-14,2026,77.42,51.87,True,True,10,2026-05-28,8778.71,8637.74,-0.016058167999626338,-0.03154682038317791,0.0034401409774329483,-0.033875927895732794
2022-11-16,2022,76.41,45.44,True,True,20,2022-12-14,6702.04,6570.02,-0.01969847986583184,-0.017417529227790607,0.0018591354274219984,-0.033031498994712916
2023-04-04,2023,75.29,45.31,True,True,20,2023-05-08,6953.36,6702.5,-0.0360775222338553,-0.05318464907067555,0.012875789546348937,-0.06242465805940467
2023-10-31,2023,76.14,46.41,True,True,20,2023-11-28,5969.34,6143.3,0.029142250232018885,0.026005216147904964,0.0475663976251981,-0.02269528951206412
2023-11-07,2023,80.47,69.9,True,False,20,2023-12-05,6116.76,5992.6,-0.02029832787292618,-0.01875568094817659,0.022319005486564736,-0.04168692270296537
2023-11-16,2023,77.92,46.25,True,False,20,2023-12-14,6145.15,5991.86,-0.024944875226804886,-0.039945283527147546,0.017595990333840517,-0.041805260599237504
2023-11-21,2023,75.57,45.08,True,False,20,2023-12-19,6212.13,5863.54,-0.05611440842351978,-0.06060032904123125,-0.0023502405777084956,-0.05716557766820718
2024-02-22,2024,75.22,72.94,True,True,20,2024-03-21,5151.53,5658.28,0.09836883411336039,0.07084450414970722,0.09853771597952443,-0.04486070711508827
2024-02-28,2024,76.89,30.83,True,False,20,2024-03-27,5152.05,5266.23,0.0221620519987189,0.0070407382390857975,0.09842683980163236,-0.06943092160483466
2024-03-04,2024,75.22,70.25,True,False,20,2024-04-01,5428.34,5559.06,0.02408102661218714,0.029007670512155137,0.042519444249991656,-0.06943092160483466
2024-03-13,2024,87.34,64.98,True,False,20,2024-04-12,5521.78,5338.77,-0.03314329799448712,-0.03629537149262285,0.024877847360814886,-0.06943092160483466
2024-03-19,2024,94.67,65.34,True,False,20,2024-04-18,5607.48,5286.72,-0.05720216567870051,-0.06975605877207691,0.00921447780464657,-0.10469593490188456
2024-03-21,2024,89.69,66.03,True,False,20,2024-04-22,5658.28,5246.08,-0.07284899298019887,-0.06745141068071503,-0.011028086273567217,-0.10455827565974107
2024-04-02,2024,80.22,57.83,True,False,20,2024-05-07,5531.05,5625.34,0.01704739606403849,0.006495265346041501,0.01704739606403849,-0.08396054998598823
2024-10-09,2024,99.82,54.11,True,False,20,2024-11-06,5727.38,6293.19,0.0987903718628762,0.13252914035295604,0.0987903718628762,-0.05423422227964614
2024-10-15,2024,96.88,57.93,True,False,20,2024-11-12,5507.18,6491.97,0.1788192868219307,0.17199438837851289,0.19462410889057558,-0.0304790522932451
2024-10-24,2024,90.13,65.61,True,False,20,2024-11-21,5861.63,6262.16,0.0683308226551318,0.009302232167513802,0.122385752768428,-0.09187552534499865
2024-10-29,2024,96.34,61.36,True,False,20,2024-11-26,5983.84,5981.57,-0.00037935506296971067,0.01649845913595316,0.0994628867082008,-0.09187552534499865
2024-11-01,2024,81.2,37.99,True,False,20,2024-11-29,5930.23,6189.13,0.043657665891542186,0.043035728741093404,0.10940216484014975,-0.09187552534499865
2024-11-06,2024,95.91,68.23,True,False,20,2024-12-04,6293.19,6204.94,-0.014023094805655001,-0.01847618333770562,0.04541734795866659,-0.09187552534499865
2024-11-08,2024,77.03,65.85,True,False,20,2024-12-06,6423.12,6349.62,-0.011443037028733727,-0.04191208099698884,0.02427013663141908,-0.09187552534499865
2024-11-12,2024,94.63,61.1,True,False,20,2024-12-10,6491.97,6362.02,-0.020017036431160262,-0.004173366139512802,-0.0027079607576744325,-0.07969999861367194
2024-11-14,2024,85.86,53.07,True,False,20,2024-12-12,6272.19,6490.15,0.034750222808939135,0.03746300308055983,0.034750222808939135,-0.04745232526438126
2024-11-21,2024,83.53,70.64,True,False,20,2024-12-19,6262.16,6207.19,-0.008778121287223661,0.04000669928977585,0.03640756544067858,-0.05334391346887202
2024-12-03,2024,84.14,58.37,True,False,20,2024-12-31,6303.28,5957.72,-0.054822251272353406,-0.06572988618745701,0.02964646977446672,-0.08203662473132356
2025-02-11,2025,75.28,62.81,True,False,20,2025-03-11,6190.17,6551.73,0.05840873513974576,0.04492880226457974,0.05840873513974576,-0.0389291905321707
2025-02-18,2025,79.89,46.92,True,False,20,2025-03-18,6142.14,6611.93,0.07648637119961443,0.043913283390554,0.07648637119961443,-0.0389291905321707
2025-02-24,2025,79.06,67.02,True,True,20,2025-03-24,6464.02,6360.34,-0.016039554333062145,-0.01937244286706563,0.02288204553822548,-0.0389291905321707
2025-02-27,2025,80.34,57.41,True,False,20,2025-03-27,6499.53,6328.77,-0.026272668946831446,-0.00033490579578410173,0.01729355814958944,-0.04554948403869974
2025-03-07,2025,76.63,50.71,True,False,20,2025-04-07,6507.76,5496.44,-0.15540216602947876,-0.151963588239173,0.016007043898361273,-0.168708682638806
2025-08-29,2025,76.31,67.25,True,True,20,2025-09-26,7438.68,7397.59,-0.005523829496631105,-0.0004425988015170912,0.015611640774976232,-0.06132393033068262
2025-09-02,2025,76.55,46.13,True,False,20,2025-09-30,7313.88,7574.96,0.03569651129086071,0.06121511666629664,0.03569651129086071,-0.0372893730824132
2025-09-09,2025,78.4,62.01,True,False,20,2025-10-15,7226.03,7483.45,0.03562398716861126,0.023743563429352355,0.058402746736451405,-0.03594380266865416
2025-09-12,2025,84.75,64.69,True,False,20,2025-10-20,7422.88,7239.18,-0.02474780678119537,-0.00964457216370418,0.030334587114435374,-0.060482083668386144
2025-09-18,2025,80.01,57.86,True,False,20,2025-10-24,7476.4,7419.24,-0.007645390829811083,0.007688698460243781,0.02295891070568734,-0.060482083668386144
2025-09-25,2025,78.38,67.05,True,False,20,2025-10-31,7506.51,7506.67,2.131483205913831e-05,0.018996727312543538,0.018855633310286724,-0.060482083668386144
2026-01-07,2026,77.56,70.61,True,False,20,2026-02-04,7906.42,8207.12,0.038032383809613046,0.01210423516513015,0.07137490798616808,-0.058473049580083813
2026-01-13,2026,80.16,44.55,True,False,20,2026-02-10,8203.13,8250.3,0.005750244114136827,-0.002138747294775256,0.0326229134488909,-0.058473049580083813
2026-01-26,2026,77.73,42.76,True,True,20,2026-03-03,8365.43,8142.45,-0.02665493584908374,-0.03431458516013186,0.023359229591306097,-0.05052031062681339
2026-05-08,2026,76.51,64.84,True,False,20,2026-06-05,8741.15,8340.96,-0.045782305531880896,-0.0885913488323834,0.02451622498183892,-0.06861631743798491
2026-05-12,2026,79.22,56.33,True,False,20,2026-06-09,8821.89,8318.7,-0.057038797808632746,-0.08449938305724458,0.01513961294008448,-0.09761541854401512
2026-05-14,2026,77.42,51.87,True,True,20,2026-06-11,8778.71,8159.45,-0.0705411159498377,-0.055265385567770275,0.0034401409774329483,-0.082603863588117
2022-11-16,2022,76.41,45.44,True,True,40,2023-01-12,6702.04,6489.57,-0.03170228766166727,-0.029337999851068552,0.0018591354274219984,-0.08247077220939758
2023-04-04,2023,75.29,45.31,True,True,40,2023-06-05,6953.36,6632.96,-0.046078442652185414,-0.07063123028255636,0.012875789546348937,-0.07694142603391507
2023-10-31,2023,76.14,46.41,True,True,40,2023-12-26,5969.34,5651.59,-0.05323034037263752,-0.04401502411713176,0.0475663976251981,-0.09621990379448864
2023-11-07,2023,80.47,69.9,True,False,40,2024-01-03,6116.76,5824.04,-0.04785540057154447,-0.05797743584397297,0.022319005486564736,-0.09621990379448864
2023-11-16,2023,77.92,46.25,True,False,40,2024-01-12,6145.15,5574.49,-0.09286347770192749,-0.10321443146971465,0.017595990333840517,-0.11853139472404883
2023-11-21,2023,75.57,45.08,True,False,40,2024-01-17,6212.13,5389.12,-0.13248434916848173,-0.12384701050225255,-0.0023502405777084956,-0.13248434916848173
2024-02-22,2024,75.22,72.94,True,True,40,2024-04-22,5151.53,5246.08,0.018353770627367094,-0.0013854682748815073,0.09853771597952443,-0.10469593490188456
2024-02-28,2024,76.89,30.83,True,False,40,2024-04-26,5152.05,5415.94,0.05122038800089279,0.03753688295310598,0.09842683980163236,-0.10469593490188456
2024-03-04,2024,75.22,70.25,True,False,40,2024-05-06,5428.34,5606.84,0.032882980800760464,0.04654957182430941,0.042519444249991656,-0.10469593490188456
2024-03-13,2024,87.34,64.98,True,False,40,2024-05-15,5521.78,5497.23,-0.004446030084501729,0.0004191993292810281,0.024877847360814886,-0.10469593490188456
2024-03-19,2024,94.67,65.34,True,False,40,2024-05-21,5607.48,5536.74,-0.012615292430824487,-0.02111447832271629,0.00921447780464657,-0.10469593490188456
2024-03-21,2024,89.69,66.03,True,False,40,2024-05-23,5658.28,5412.82,-0.0433806739857342,-0.043919812433433236,-0.005558226174738556,-0.10455827565974107
2024-04-02,2024,80.22,57.83,True,False,40,2024-06-04,5531.05,5313.71,-0.03929452816373025,-0.04669028691512167,0.017316784335704716,-0.08396054998598823
2024-10-09,2024,99.82,54.11,True,False,40,2024-12-04,5727.38,6204.94,0.08338193030670205,0.11160432432050071,0.148694516515405,-0.09187552534499865
2024-10-15,2024,96.88,57.93,True,False,40,2024-12-10,5507.18,6362.02,0.15522281821186157,0.1671032266823551,0.19462410889057558,-0.09187552534499865
2024-10-24,2024,90.13,65.61,True,False,40,2024-12-19,5861.63,6207.19,0.058952885118985554,0.04968108306233909,0.122385752768428,-0.09187552534499865
2024-10-29,2024,96.34,61.36,True,False,40,2024-12-24,5983.84,6164.36,0.030167918928313497,0.012516301594025725,0.0994628867082008,-0.09187552534499865
2024-11-01,2024,81.2,37.99,True,False,40,2024-12-27,5930.23,6171.57,0.040696566574989435,0.015334266187133627,0.10940216484014975,-0.09187552534499865
2024-11-06,2024,95.91,68.23,True,False,40,2025-01-02,6293.19,5797.09,-0.07883124456754043,-0.12159895813814037,0.04541734795866659,-0.11885070854125468
2024-11-08,2024,77.03,65.85,True,False,40,2025-01-06,6423.12,5608.03,-0.12689938845919124,-0.1348181565311498,0.02427013663141908,-0.1475875549664768
2024-11-12,2024,94.63,61.1,True,False,40,2025-01-08,6491.97,5661.78,-0.12787951885175075,-0.12381243638396833,-0.0002803463355499636,-0.13615897793735965
2024-11-14,2024,85.86,53.07,True,False,40,2025-01-10,6272.19,5544.92,-0.11595152570314349,-0.09240699958044307,0.034750222808939135,-0.1456407016786977
2024-11-21,2024,83.53,70.64,True,False,40,2025-01-17,6262.16,5841.57,-0.06716372625419986,-0.025095804818513923,0.03640756544067858,-0.1456407016786977
2024-12-03,2024,84.14,58.37,True,False,40,2025-02-06,6303.28,6041.83,-0.04147840489395993,-0.0114247680074262,0.02964646977446672,-0.1456407016786977
2025-02-11,2025,75.28,62.81,True,False,40,2025-04-09,6190.17,5652.33,-0.08688614367618341,-0.07956261406833509,0.068133831542591,-0.168708682638806
2025-02-18,2025,79.89,46.92,True,False,40,2025-04-16,6142.14,5835.35,-0.0499483893235908,-0.07139506371123294,0.07648637119961443,-0.168708682638806
2025-02-24,2025,79.06,67.02,True,True,40,2025-04-22,6464.02,5949.31,-0.07962691947116496,-0.07005747867663858,0.02288204553822548,-0.168708682638806
2025-02-27,2025,80.34,57.41,True,False,40,2025-04-25,6499.53,5939.5,-0.08616469190849185,-0.06273263991885702,0.01729355814958944,-0.168708682638806
2025-03-07,2025,76.63,50.71,True,False,40,2025-05-08,6507.76,6158.08,-0.05373277441085722,-0.0673044040993902,0.016007043898361273,-0.168708682638806
2025-08-29,2025,76.31,67.25,True,True,40,2025-11-03,7438.68,7538.12,0.013367963133243954,-0.008721329396159216,0.02814612269918859,-0.06132393033068262
2025-09-02,2025,76.55,46.13,True,False,40,2025-11-05,7313.88,7464.86,0.020642941913184165,0.047863985524942754,0.04568983904575963,-0.060482083668386144
2025-09-09,2025,78.4,62.01,True,False,40,2025-11-12,7226.03,7486.38,0.03602946569554799,0.049848067196206935,0.058402746736451405,-0.060482083668386144
2025-09-12,2025,84.75,64.69,True,False,40,2025-11-17,7422.88,7523.08,0.013498803698833939,0.004386716058239815,0.030334587114435374,-0.060482083668386144
2025-09-18,2025,80.01,57.86,True,False,40,2025-11-21,7476.4,7067.7,-0.05466534695842917,-0.03788287204279528,0.02295891070568734,-0.0758820875909546
2025-09-25,2025,78.38,67.05,True,False,40,2025-11-28,7506.51,7334.21,-0.02295340977364979,-0.0014748046323194153,0.018855633310286724,-0.0758820875909546
2026-01-07,2026,77.56,70.61,True,False,40,2026-03-12,7906.42,8335.91,0.05432167782637398,0.03044562000805362,0.08277071038472528,-0.058473049580083813
2026-01-13,2026,80.16,44.55,True,False,40,2026-03-18,8203.13,8096.59,-0.012987725417005325,-0.042137923768070684,0.04360652580173685,-0.06319239700777035
2026-01-26,2026,77.73,42.76,True,True,40,2026-03-31,8365.43,7619.85,-0.08912632106179841,-0.073728100785598,0.023359229591306097,-0.1345346951934624
2026-05-08,2026,76.51,64.84,True,False,40,2026-07-06,8741.15,8472.6,-0.03072250218792716,-0.06371873442219178,0.02451622498183892,-0.09761541854401512
2026-05-12,2026,79.22,56.33,True,False,40,2026-07-08,8821.89,8117.86,-0.0798048944160491,-0.07318113550966177,0.01513961294008448,-0.09761541854401512
2026-05-14,2026,77.42,51.87,True,True,40,2026-07-10,8778.71,8198.31,-0.06611449746033293,-0.1030560946254887,0.01115425842749107,-0.08547951193189307
