horizon_sessions,group,n,mean_return,median_return,positive_fraction,mean_return_after_t1_close,n_after_t1_close,mean_max_future_close_upside,fraction_future_close_up_5pct,mean_interval_max_drawdown
1,downcross75,41,0.001035150331891805,0.001998701800146385,0.5609756097560976,-0.00040826108583626685,41,0.001035150331891805,0.0,-0.005474903949766453
1,all_other_days,941,0.00022387691351018224,0.0008076906627010327,0.5334750265674814,0.00027441915842641216,940,0.00022387691351018224,0.004250797024442083,-0.005449232861092918
1,other_fear_below75,880,9.027839921240866e-05,0.0007934406864833488,0.5352272727272728,0.00014140483088030017,879,9.027839921240866e-05,0.0011363636363636363,-0.005343630544787566
1,other_fear_55_to_below75,296,-0.0001281989290986019,0.00028909903668639103,0.5202702702702703,0.0010511044430432125,296,-0.0001281989290986019,0.0,-0.004674854016989635
1,downcross_with_d40_open,8,0.0017150001118229202,0.0019289186137841918,0.625,-0.0013852880050114341,8,0.0017150001118229202,0.0,-0.002149334299895375
1,downcross_without_d40_open,33,0.0008703382640297164,0.0020298843227162244,0.5454545454545454,-0.00017140607512713537,33,0.0008703382640297164,0.0,-0.006281102652765502
5,downcross75,41,0.003307243923238543,0.003638175397088661,0.5365853658536586,0.0030547064780856487,41,0.018658048945647165,0.12195121951219512,-0.027294034839139905
5,all_other_days,937,0.0010416314065834922,0.0008457199013485184,0.512273212379936,0.0009362774228100491,936,0.01587119199623707,0.0672358591248666,-0.023941670995294925
5,other_fear_below75,876,0.0008623784930790028,0.0008390497332151359,0.5125570776255708,0.000792467058102663,875,0.015273244318779309,0.0639269406392694,-0.0234242745785691
5,other_fear_55_to_below75,296,0.0018693470448352672,0.0011282455068390984,0.5236486486486487,0.001698348844244104,296,0.014644406005040278,0.033783783783783786,-0.020265205299651024
5,downcross_with_d40_open,8,-0.010082711126500554,-0.022974090241668244,0.375,-0.0017785716101066384,8,0.013974064509855832,0.0,-0.034496184896784285
5,downcross_without_d40_open,33,0.006553293632266203,0.004027339361190041,0.5757575757575758,0.004226410257041355,33,0.019793560324020822,0.15151515151515152,-0.025548059067589748
10,downcross75,41,0.004764263820675892,-0.0021240327585001495,0.4878048780487805,0.007067896168038859,41,0.029966650610292262,0.1951219512195122,-0.04207172359519521
10,all_other_days,932,0.0017747937121806309,-0.0011000957454972426,0.48819742489270385,0.0016094393970062229,931,0.026899184055635707,0.16630901287553648,-0.040450311861464784
10,other_fear_below75,871,0.0010363697595910295,-0.0017269345957569016,0.48105625717566014,0.0009792821933130474,870,0.026313068356773234,0.1618828932261768,-0.040103926544229104
10,other_fear_55_to_below75,296,0.001119952998165518,-0.001987755249289458,0.47297297297297297,-0.0002305359060837255,296,0.024716737215301085,0.13851351351351351,-0.03601645343046682
10,downcross_with_d40_open,8,0.003132049645332466,-0.00018330450470305237,0.5,0.002218851491681495,8,0.016376520332575445,0.125,-0.035950697235270904
10,downcross_without_d40_open,33,0.005159952105607632,-0.0034070333886577764,0.48484848484848486,0.008243422150186098,33,0.03326122764731452,0.21212121212121213,-0.04355560877335868
20,downcross75,41,-6.58685623122497e-06,-0.008778121287223661,0.4146341463414634,-0.0033524857310168335,41,0.04183662423266899,0.2682926829268293,-0.06524761727092575
20,all_other_days,924,0.003393964440756014,-0.003936481653947221,0.47619047619047616,0.003493308721119796,923,0.042860078365789776,0.30735930735930733,-0.06470175268985683
20,other_fear_below75,863,0.003104670616896665,-0.0041544485035139855,0.473928157589803,0.003416474329239665,862,0.04237751459112113,0.3047508690614137,-0.06445718618204266
20,other_fear_55_to_below75,296,-0.0017493182056325853,-0.0015497480648825057,0.4831081081081081,-0.0031721287949711455,296,0.037309243782455495,0.28040540540540543,-0.06265771882702867
20,downcross_with_d40_open,8,-0.005878044172865318,-0.017869017099446993,0.25,-0.010393433799667354,8,0.028266511932554278,0.125,-0.04954868109488171
20,downcross_without_d40_open,33,0.0014167967356800704,-0.007645390829811083,0.45454545454545453,-0.0016455892295257986,33,0.045126348426636195,0.30303030303030304,-0.06905341998026976
40,downcross75,41,-0.028442637481742535,-0.04147840489395993,0.3170731707317073,-0.030072054936310634,41,0.044773635104097424,0.2682926829268293,-0.10704271911217488
40,all_other_days,904,0.011273959619446725,-0.0028389186124999077,0.4856194690265487,0.011434815876645445,903,0.06773268683055156,0.4280973451327434,-0.0970565996457317
40,other_fear_below75,843,0.012917765757235664,-0.0021990161209561876,0.48991696322657174,0.013473349690481091,842,0.0685986328388214,0.4306049822064057,-0.09639106324689399
40,other_fear_55_to_below75,290,-0.004221549277089582,-0.011775571143959052,0.43103448275862066,-0.0036495202207525368,289,0.053202060870309806,0.3586206896551724,-0.09844374505572476
40,downcross_with_d40_open,8,-0.04176963436489693,-0.04965439151241147,0.25,-0.050116590751190335,8,0.030797586854338088,0.125,-0.10129685712931624
40,downcross_without_d40_open,33,-0.02521185035855359,-0.03929452816373025,0.3333333333333333,-0.02521277352664283,33,0.04816176801312999,0.30303030303030304,-0.10843565535044364
