horizon_sessions,signal_year,event_n,control_n,event_mean_return,same_year_other_fear_below75_mean_return,difference
1,2022,1,107,0.0018591354274219984,-0.0005935115847493931,0.0024526470121713916
1,2023,5,231,0.0004242762933208466,-0.0003401757570790784,0.000764452050399925
1,2024,18,193,0.0015488674447573143,-0.0008734154609350503,0.0024222829056923644
1,2025,11,217,-0.002256140778373762,0.0017301659971548989,-0.003986306775528661
1,2026,6,132,0.005899763545002916,0.00011101888892593515,0.00578874465607698
5,2022,1,107,-0.02000137271636704,-0.003156853407033806,-0.01684451930933323
5,2023,5,231,0.008506622469623326,-0.002567959875290141,0.011074582344913467
5,2024,18,193,0.00685529069267461,1.2209223055811803e-05,0.006843081469618799
5,2025,11,217,0.003014450400226258,0.007920872080326151,-0.004906421680099892
5,2026,6,128,-0.007248154274933527,-0.00027156262342734397,-0.006976591651506183
10,2022,1,107,-0.016671043443488798,-0.006209571233282045,-0.010461472210206752
10,2023,5,231,0.0014239518256422335,-0.00585251147762176,0.007276463303263994
10,2024,18,193,0.006773887580994348,-4.277729506091945e-05,0.0068166648760552674
10,2025,11,217,0.006415829619479255,0.016242353147790985,-0.009826523528311731
10,2026,6,123,0.002063666448469855,-0.004856116107547104,0.006919782556016959
20,2022,1,107,-0.01969847986583184,-0.011641521769764424,-0.008056958096067417
20,2023,5,231,-0.021658576705017453,-0.015328021105410022,-0.006330555599607431
20,2024,18,193,0.01740835146040237,0.00760254014361477,0.0098058113167876
20,2025,11,217,-0.002672226980556237,0.03452797772618575,-0.03720020470674199
20,2026,6,115,-0.02603908786928087,-0.012992304062640257,-0.013046783806640611
40,2022,1,107,-0.03170228766166727,-0.007801004813124083,-0.02390128284854319
40,2023,5,231,-0.07450240209335532,-0.03950432087866212,-0.0349980812146932
40,2024,18,193,-0.010392281934705773,0.04091927713356842,-0.05131155906827419
40,2025,11,217,-0.031858045552868836,0.06541847677520354,-0.09727652232807238
40,2026,6,95,-0.03740571045278982,-0.013087871322873527,-0.024317839129916294
