date,fear_greed_index,open,high,low,close,fear_band
2022-07-22,46.51,7081.56,7124.3,6969.43,7034.6,45–54，中性
2022-07-25,41.81,7037.76,7068.34,6933.82,6948.91,25–44，偏冷
2022-07-26,56.28,6949.19,7031.11,6901.93,7027.42,55–74，偏热
2022-07-27,56.97,7018.22,7109.54,7005.07,7099.43,55–74，偏热
2022-07-28,62.89,7138.32,7196.73,7112.74,7150.2,55–74，偏热
2022-07-29,40.97,7152.33,7179.47,7105.33,7117.43,25–44，偏冷
2022-08-01,54.0,7100.71,7180.45,7055.61,7180.45,45–54，中性
2022-08-02,23.52,7098.18,7098.18,6872.75,6957.98,0–24，极冷
2022-08-03,30.14,6968.29,7079.85,6893.52,6916.67,25–44，偏冷
2022-08-04,51.3,6953.98,6977.39,6853.7,6960.31,45–54，中性
2022-08-05,52.06,6975.89,7096.43,6961.65,7090.0,45–54，中性
2022-08-08,56.04,7082.54,7176.48,7062.37,7176.11,55–74，偏热
2022-08-09,53.07,7168.96,7207.4,7131.34,7207.4,45–54，中性
2022-08-10,53.4,7183.18,7231.43,7169.88,7212.08,45–54，中性
2022-08-11,60.33,7241.73,7295.89,7212.4,7294.49,55–74，偏热
2022-08-12,44.2,7287.65,7311.89,7228.34,7228.83,25–44，偏冷
2022-08-15,51.33,7218.09,7296.34,7215.2,7283.5,45–54，中性
2022-08-16,57.4,7290.24,7356.11,7280.92,7324.62,55–74，偏热
2022-08-17,58.65,7330.48,7342.7,7280.57,7328.67,55–74，偏热
2022-08-18,50.57,7315.41,7358.71,7298.93,7351.44,45–54，中性
2022-08-19,35.77,7353.43,7369.73,7234.41,7234.41,25–44，偏冷
2022-08-22,50.12,7214.48,7289.31,7170.2,7288.58,45–54，中性
2022-08-23,51.01,7275.38,7310.13,7267.79,7306.02,45–54，中性
2022-08-24,27.01,7312.55,7315.1,7029.88,7039.41,25–44，偏冷
2022-08-25,39.38,7065.34,7080.73,6930.84,7016.31,25–44，偏冷
2022-08-26,36.34,7032.66,7103.83,6966.07,6980.18,25–44，偏冷
2022-08-29,46.1,6884.73,7022.79,6858.43,7021.31,45–54，中性
2022-08-30,39.27,7018.72,7025.46,6943.14,6976.72,25–44，偏冷
2022-08-31,30.49,6954.51,6966.99,6738.52,6750.74,25–44，偏冷
2022-09-01,35.45,6757.01,6819.62,6698.84,6717.1,25–44，偏冷
2022-09-02,46.17,6731.67,6801.35,6695.1,6776.83,45–54，中性
2022-09-05,42.27,6774.19,6831.22,6739.14,6791.09,25–44，偏冷
2022-09-06,53.26,6808.87,6919.65,6780.44,6919.65,45–54，中性
2022-09-07,45.51,6894.71,6989.75,6882.59,6963.52,45–54，中性
2022-09-08,37.58,6965.56,6975.13,6889.86,6897.1,25–44，偏冷
2022-09-09,43.36,6908.71,6918.2,6848.27,6913.58,25–44，偏冷
2022-09-13,46.78,6935.59,6957.35,6886.36,6904.08,45–54，中性
2022-09-14,40.04,6800.93,6851.09,6783.19,6829.56,25–44，偏冷
2022-09-15,31.34,6859.25,6866.55,6543.2,6619.19,25–44，偏冷
2022-09-16,27.43,6599.27,6632.56,6480.1,6481.24,25–44，偏冷
2022-09-19,31.38,6468.39,6504.75,6364.07,6399.8,25–44，偏冷
2022-09-20,52.48,6441.1,6536.42,6436.76,6482.13,45–54，中性
2022-09-21,44.85,6461.25,6506.06,6378.63,6480.6,25–44，偏冷
2022-09-22,39.93,6438.29,6554.3,6429.5,6487.27,25–44，偏冷
2022-09-23,32.51,6486.79,6504.03,6306.96,6363.68,25–44，偏冷
2022-09-26,35.17,6318.3,6404.01,6274.34,6283.59,25–44，偏冷
2022-09-27,55.88,6302.89,6409.78,6287.77,6409.78,55–74，偏热
2022-09-28,26.73,6397.84,6401.84,6211.11,6211.11,25–44，偏冷
2022-09-29,32.71,6270.91,6307.78,6192.77,6228.78,25–44，偏冷
2022-09-30,28.56,6221.83,6241.96,6123.99,6124.86,25–44，偏冷
2022-10-10,24.29,6136.71,6154.06,5964.62,5984.5,0–24，极冷
2022-10-11,40.68,5994.76,6044.28,5939.07,6017.72,25–44，偏冷
2022-10-12,49.59,6017.67,6192.65,5918.02,6192.65,45–54，中性
2022-10-13,46.86,6162.71,6311.51,6146.4,6252.22,45–54，中性
2022-10-14,52.81,6296.35,6427.47,6286.67,6406.46,45–54，中性
2022-10-17,54.44,6380.21,6476.4,6370.15,6472.45,45–54，中性
2022-10-18,46.64,6490.6,6551.8,6447.78,6508.5,45–54，中性
2022-10-19,36.5,6492.6,6533.57,6460.7,6461.15,25–44，偏冷
2022-10-20,36.28,6431.99,6525.8,6342.15,6429.7,25–44，偏冷
2022-10-21,37.65,6433.33,6469.09,6387.77,6432.33,25–44，偏冷
2022-10-24,28.08,6448.87,6554.37,6335.07,6378.43,25–44，偏冷
2022-10-25,31.5,6346.15,6411.17,6248.84,6355.78,25–44，偏冷
2022-10-26,54.31,6358.06,6548.62,6348.99,6491.69,45–54，中性
2022-10-27,34.29,6497.52,6544.42,6459.92,6461.61,25–44，偏冷
2022-10-28,18.97,6412.61,6446.6,6216.27,6239.93,0–24，极冷
2022-10-31,38.14,6201.75,6349.12,6201.28,6292.62,25–44，偏冷
2022-11-01,57.48,6299.03,6440.92,6277.62,6439.82,55–74，偏热
2022-11-02,64.32,6434.95,6557.01,6424.66,6524.51,55–74，偏热
2022-11-03,49.77,6467.23,6576.37,6461.3,6566.84,45–54，中性
2022-11-04,72.94,6569.19,6719.51,6568.78,6709.64,55–74，偏热
2022-11-07,70.13,6713.73,6749.76,6660.98,6713.64,55–74，偏热
2022-11-08,59.53,6707.01,6708.08,6647.44,6694.96,55–74，偏热
2022-11-09,59.19,6694.4,6736.67,6664.37,6676.01,55–74，偏热
2022-11-10,50.55,6638.52,6663.11,6583.86,6603.31,45–54，中性
2022-11-11,68.21,6749.07,6776.74,6641.76,6643.48,55–74，偏热
2022-11-14,43.3,6639.02,6688.01,6570.49,6599.67,25–44，偏冷
2022-11-15,76.41,6593.63,6752.51,6576.87,6752.51,75–100，极热
2022-11-16,45.44,6749.96,6775.38,6687.32,6702.04,45–54，中性
2022-11-17,65.14,6685.94,6714.5,6629.9,6714.5,55–74，偏热
2022-11-18,42.11,6711.89,6752.84,6650.74,6658.4,25–44，偏冷
2022-11-21,54.89,6622.6,6689.33,6585.28,6689.33,45–54，中性
2022-11-22,38.46,6682.05,6692.24,6556.34,6583.23,25–44，偏冷
2022-11-23,44.33,6572.16,6592.3,6451.96,6567.99,25–44，偏冷
2022-11-24,54.66,6573.47,6611.8,6553.96,6586.86,45–54，中性
2022-11-25,40.88,6573.02,6573.02,6508.52,6512.16,25–44，偏冷
2022-11-28,44.14,6426.93,6494.98,6412.03,6492.71,25–44，偏冷
2022-11-29,73.49,6505.9,6607.46,6505.9,6594.32,55–74，偏热
2022-11-30,62.31,6591.68,6619.27,6561.27,6590.31,55–74，偏热
2022-12-01,69.88,6645.47,6691.51,6639.63,6658.43,55–74，偏热
2022-12-02,53.81,6644.44,6721.69,6637.16,6680.54,45–54，中性
2022-12-05,70.11,6710.73,6723.57,6675.6,6714.37,55–74，偏热
2022-12-06,55.48,6690.92,6731.07,6667.0,6703.55,55–74，偏热
2022-12-07,62.02,6684.61,6732.26,6677.52,6705.29,55–74，偏热
2022-12-08,47.73,6694.84,6699.3,6648.35,6662.34,45–54，中性
2022-12-09,58.16,6661.9,6684.15,6626.94,6680.38,55–74，偏热
2022-12-12,50.01,6669.17,6680.61,6626.87,6655.67,45–54，中性
2022-12-13,49.15,6654.67,6654.75,6586.87,6593.67,45–54，中性
2022-12-14,42.88,6600.41,6626.7,6556.81,6570.02,25–44，偏冷
2022-12-15,52.91,6557.9,6605.7,6545.0,6597.55,45–54，中性
2022-12-16,40.43,6569.06,6581.93,6504.05,6519.44,25–44，偏冷
2022-12-19,33.56,6518.38,6537.14,6367.45,6390.77,25–44，偏冷
2022-12-20,41.05,6380.22,6389.05,6321.14,6341.58,25–44，偏冷
2022-12-21,38.68,6341.22,6344.66,6255.35,6289.14,25–44，偏冷
2022-12-22,33.64,6314.55,6319.57,6171.18,6186.93,25–44，偏冷
2022-12-23,38.57,6154.66,6197.24,6120.94,6160.75,25–44，偏冷
2022-12-26,49.29,6161.94,6276.11,6161.94,6275.52,45–54，中性
2022-12-27,42.42,6288.61,6328.36,6256.04,6325.63,25–44，偏冷
2022-12-28,32.99,6304.59,6306.95,6251.3,6268.47,25–44，偏冷
2022-12-29,38.24,6253.79,6322.25,6245.23,6261.83,25–44，偏冷
2022-12-30,51.37,6283.5,6296.24,6262.6,6281.62,45–54，中性
2023-01-03,59.24,6286.81,6433.79,6275.69,6423.7,55–74，偏热
2023-01-04,52.66,6423.43,6445.62,6385.0,6421.28,45–54，中性
2023-01-05,52.15,6427.45,6489.99,6413.75,6485.47,45–54，中性
2023-01-06,46.14,6482.88,6539.76,6478.63,6500.32,45–54，中性
2023-01-09,56.65,6523.14,6559.46,6517.57,6535.75,55–74，偏热
2023-01-10,50.48,6541.82,6546.54,6505.1,6540.2,45–54，中性
2023-01-11,42.46,6544.57,6562.35,6480.95,6486.9,25–44，偏冷
2023-01-12,44.11,6495.16,6529.81,6469.48,6489.57,25–44，偏冷
2023-01-13,44.06,6505.24,6517.51,6475.66,6517.51,25–44，偏冷
2023-01-16,45.94,6521.45,6628.73,6521.45,6591.81,45–54，中性
2023-01-17,38.11,6600.25,6622.32,6573.28,6597.49,25–44，偏冷
2023-01-18,42.34,6613.74,6635.85,6593.37,6613.01,25–44，偏冷
2023-01-19,39.86,6605.45,6678.18,6590.42,6676.08,25–44，偏冷
2023-01-20,40.86,6690.14,6740.13,6690.14,6736.85,25–44，偏冷
2023-01-30,56.38,6815.14,6839.84,6780.37,6786.45,55–74，偏热
2023-01-31,38.5,6763.4,6820.14,6758.9,6805.28,25–44，偏冷
2023-02-01,61.28,6815.06,6916.73,6812.79,6916.72,55–74，偏热
2023-02-02,37.65,6926.58,6969.79,6908.7,6933.23,25–44，偏冷
2023-02-03,38.59,6922.79,6934.32,6829.4,6925.08,25–44，偏冷
2023-02-06,40.46,6902.49,6928.28,6853.91,6891.41,25–44，偏冷
2023-02-07,52.26,6900.23,6924.42,6864.21,6924.32,45–54，中性
2023-02-08,40.64,6927.33,6932.99,6873.6,6877.72,25–44，偏冷
2023-02-09,60.14,6864.03,6999.18,6850.57,6999.18,55–74，偏热
2023-02-10,35.97,6991.23,7015.25,6926.48,6975.39,25–44，偏冷
2023-02-13,62.33,6976.33,7052.6,6973.41,7052.18,55–74，偏热
2023-02-14,43.7,7064.53,7070.33,7028.79,7061.45,25–44，偏冷
2023-02-15,48.3,7062.36,7076.87,7038.99,7063.6,45–54，中性
2023-02-16,30.04,7063.93,7098.92,6878.35,6925.2,25–44，偏冷
2023-02-17,42.61,6931.99,6954.85,6861.3,6868.55,25–44，偏冷
2023-02-20,65.51,6871.86,6959.75,6825.87,6959.36,55–74，偏热
2023-02-21,59.01,6969.35,7008.55,6939.59,6990.48,55–74，偏热
2023-02-22,57.88,6961.15,7014.56,6947.12,6998.43,55–74，偏热
2023-02-23,53.68,6997.78,7008.68,6929.61,6966.79,45–54，中性
2023-02-24,50.12,6971.65,6983.16,6906.69,6944.82,45–54，中性
2023-02-27,51.06,6928.03,6950.88,6876.25,6894.3,45–54，中性
2023-02-28,63.74,6911.36,6955.57,6874.93,6955.57,55–74，偏热
2023-03-01,68.89,6955.48,7002.77,6932.76,7002.77,55–74，偏热
2023-03-02,50.02,6999.23,7021.11,6963.06,6972.31,45–54，中性
2023-03-03,59.84,6970.21,6997.42,6921.27,6967.94,55–74，偏热
2023-03-06,56.11,6973.52,7004.71,6933.99,6997.04,55–74，偏热
2023-03-07,50.42,6991.56,6993.18,6855.34,6855.34,45–54，中性
2023-03-08,63.35,6838.63,6894.36,6832.04,6891.46,55–74，偏热
2023-03-09,59.25,6898.24,6911.54,6851.91,6892.86,55–74，偏热
2023-03-10,44.18,6854.41,6864.94,6795.22,6798.3,25–44，偏冷
2023-03-13,57.14,6780.02,6832.62,6750.22,6832.62,55–74，偏热
2023-03-14,45.53,6824.25,6824.25,6690.09,6769.85,45–54，中性
2023-03-15,60.13,6797.82,6844.97,6794.41,6803.47,55–74，偏热
2023-03-16,44.83,6769.61,6777.91,6677.68,6689.78,25–44，偏冷
2023-03-17,63.68,6726.96,6781.95,6717.14,6736.37,55–74，偏热
2023-03-20,41.88,6745.95,6760.91,6694.52,6721.45,25–44，偏冷
2023-03-21,62.56,6726.8,6810.29,6725.83,6809.39,55–74，偏热
2023-03-22,67.65,6830.19,6845.76,6810.76,6840.33,55–74，偏热
2023-03-23,64.8,6827.68,6869.18,6809.85,6868.83,55–74，偏热
2023-03-24,68.01,6874.54,6880.19,6840.75,6867.95,55–74，偏热
2023-03-27,67.65,6874.39,6900.63,6830.95,6886.69,55–74，偏热
2023-03-28,45.57,6881.11,6884.54,6816.45,6825.38,45–54，中性
2023-03-29,55.02,6825.13,6839.9,6785.15,6806.28,55–74，偏热
2023-03-30,56.76,6802.07,6814.69,6751.69,6807.64,55–74，偏热
2023-03-31,67.52,6806.61,6878.32,6801.94,6875.81,55–74，偏热
2023-04-03,75.29,6878.09,6966.69,6878.09,6962.2,75–100，极热
2023-04-04,45.31,6960.91,6966.99,6918.13,6953.36,45–54，中性
2023-04-06,57.18,6926.19,6988.37,6921.66,6983.03,55–74，偏热
2023-04-07,63.48,6987.01,7043.22,6978.35,7042.89,55–74，偏热
2023-04-10,32.37,7050.24,7052.74,6950.77,6968.57,25–44，偏冷
2023-04-11,49.77,6967.03,6986.44,6937.02,6984.14,45–54，中性
2023-04-12,59.5,6989.69,7027.84,6979.28,7021.02,55–74，偏热
2023-04-13,40.09,7011.66,7029.1,6956.68,6966.82,25–44，偏冷
2023-04-14,53.98,6978.59,7026.12,6942.57,7020.09,45–54，中性
2023-04-17,47.83,7009.47,7030.24,6989.7,7012.77,45–54，中性
2023-04-18,39.97,7002.26,7014.38,6961.51,6997.07,25–44，偏冷
2023-04-19,39.13,6988.65,7011.93,6955.36,6965.58,25–44，偏冷
2023-04-20,39.88,6956.37,6963.9,6911.98,6963.9,25–44，偏冷
2023-04-21,31.91,6954.1,6963.08,6773.51,6773.51,25–44，偏冷
2023-04-24,49.55,6766.52,6771.65,6692.22,6725.27,45–54，中性
2023-04-25,38.25,6708.28,6711.57,6517.27,6603.24,25–44，偏冷
2023-04-26,55.59,6577.36,6667.43,6573.88,6624.4,55–74，偏热
2023-04-27,46.72,6597.73,6672.22,6593.38,6633.49,45–54，中性
2023-04-28,58.39,6617.32,6724.57,6617.32,6723.3,55–74，偏热
2023-05-04,47.56,6701.49,6738.44,6698.64,6733.97,45–54，中性
2023-05-05,42.79,6723.16,6723.98,6612.74,6653.65,25–44，偏冷
2023-05-08,60.2,6660.92,6714.39,6660.92,6702.5,55–74，偏热
2023-05-09,37.55,6696.67,6705.74,6610.57,6611.64,25–44，偏冷
2023-05-10,54.83,6599.79,6648.04,6576.4,6627.31,45–54，中性
2023-05-11,55.31,6634.16,6653.38,6618.19,6622.52,55–74，偏热
2023-05-12,43.18,6608.83,6630.56,6535.11,6535.94,25–44，偏冷
2023-05-15,58.0,6537.4,6585.91,6466.45,6585.91,55–74，偏热
2023-05-16,42.97,6586.72,6586.72,6501.31,6516.29,25–44，偏冷
2023-05-17,55.53,6500.44,6555.77,6497.38,6554.98,55–74，偏热
2023-05-18,57.71,6557.37,6595.49,6554.08,6583.74,55–74，偏热
2023-05-19,53.47,6571.09,6621.43,6545.08,6602.32,45–54，中性
2023-05-22,55.05,6589.35,6608.88,6556.74,6595.98,55–74，偏热
2023-05-23,42.45,6591.56,6600.8,6528.45,6528.45,25–44，偏冷
2023-05-24,49.6,6507.06,6564.51,6476.69,6513.18,45–54，中性
2023-05-25,47.0,6502.23,6541.39,6424.45,6501.0,45–54，中性
2023-05-26,47.75,6495.35,6558.11,6451.73,6546.41,45–54，中性
2023-05-29,45.06,6560.16,6579.15,6518.03,6534.12,45–54，中性
2023-05-30,55.61,6517.71,6565.48,6461.09,6564.47,55–74，偏热
2023-05-31,47.79,6556.52,6581.93,6523.27,6561.65,45–54，中性
2023-06-01,55.1,6539.26,6616.53,6515.02,6574.76,55–74，偏热
2023-06-02,57.87,6585.73,6640.53,6585.73,6626.28,55–74，偏热
2023-06-05,53.04,6631.22,6647.2,6609.02,6632.96,45–54，中性
2023-06-06,38.59,6625.09,6625.09,6475.26,6489.81,25–44，偏冷
2023-06-07,56.26,6487.2,6517.32,6467.3,6488.56,55–74，偏热
2023-06-08,42.97,6477.94,6478.32,6399.78,6442.48,25–44，偏冷
2023-06-09,55.66,6446.62,6500.45,6427.92,6495.56,55–74，偏热
2023-06-12,54.48,6488.2,6549.78,6474.86,6530.16,45–54，中性
2023-06-13,54.65,6525.05,6561.02,6519.97,6554.96,45–54，中性
2023-06-14,56.35,6556.03,6591.69,6547.49,6578.12,55–74，偏热
2023-06-15,52.92,6579.46,6618.62,6568.61,6613.95,45–54，中性
2023-06-16,54.14,6613.1,6674.62,6602.04,6669.01,45–54，中性
2023-06-19,46.37,6674.12,6707.23,6673.81,6693.3,45–54，中性
2023-06-20,45.43,6683.92,6717.71,6671.99,6693.91,45–54，中性
2023-06-21,35.48,6679.15,6681.57,6548.41,6548.41,25–44，偏冷
2023-06-26,30.9,6504.97,6535.49,6404.04,6420.97,25–44，偏冷
2023-06-27,52.83,6425.84,6518.98,6424.33,6507.27,45–54，中性
2023-06-28,36.16,6504.5,6505.47,6367.35,6475.51,25–44，偏冷
2023-06-29,50.08,6465.1,6542.28,6462.07,6520.04,45–54，中性
2023-06-30,48.29,6507.5,6615.97,6500.86,6602.04,45–54，中性
2023-07-03,49.25,6617.08,6640.34,6571.84,6612.88,45–54，中性
2023-07-04,51.74,6610.66,6639.82,6599.6,6638.45,45–54，中性
2023-07-05,37.44,6632.37,6642.55,6575.73,6584.42,25–44，偏冷
2023-07-06,40.93,6573.58,6619.29,6558.89,6567.08,25–44，偏冷
2023-07-07,34.03,6553.56,6558.11,6486.11,6521.43,25–44，偏冷
2023-07-10,42.34,6539.08,6556.15,6501.75,6526.85,25–44，偏冷
2023-07-11,51.04,6531.63,6579.37,6514.99,6579.37,45–54，中性
2023-07-12,32.67,6576.94,6576.96,6476.85,6482.99,25–44，偏冷
2023-07-13,51.23,6497.81,6553.6,6497.76,6548.31,45–54，中性
2023-07-14,42.64,6554.53,6571.14,6538.65,6544.46,25–44，偏冷
2023-07-17,44.37,6524.61,6525.19,6481.29,6516.56,25–44，偏冷
2023-07-18,51.27,6519.76,6537.91,6490.06,6510.03,45–54，中性
2023-07-19,46.45,6508.52,6530.54,6459.44,6492.35,45–54，中性
2023-07-20,38.56,6497.78,6512.45,6404.12,6408.76,25–44，偏冷
2023-07-21,38.41,6397.15,6447.3,6378.2,6401.42,25–44，偏冷
2023-07-24,41.1,6397.43,6437.99,6370.05,6393.79,25–44，偏冷
2023-07-25,63.99,6448.27,6499.42,6444.58,6498.27,55–74，偏热
2023-07-26,42.33,6497.59,6497.59,6441.56,6457.25,25–44，偏冷
2023-07-27,32.14,6458.48,6475.83,6397.59,6407.55,25–44，偏冷
2023-07-28,59.9,6389.43,6471.68,6369.37,6465.38,55–74，偏热
2023-07-31,65.55,6475.83,6549.75,6475.83,6515.85,55–74，偏热
2023-08-01,35.64,6513.14,6521.97,6482.17,6507.41,25–44，偏冷
2023-08-02,47.7,6499.86,6515.07,6475.42,6496.02,45–54，中性
2023-08-03,51.64,6472.11,6502.55,6460.28,6499.54,45–54，中性
2023-08-04,59.14,6514.54,6561.74,6505.86,6535.32,55–74，偏热
2023-08-07,36.81,6524.3,6532.52,6485.66,6503.98,25–44，偏冷
2023-08-08,42.26,6496.59,6500.9,6457.25,6471.34,25–44，偏冷
2023-08-09,38.94,6452.98,6464.36,6411.23,6420.98,25–44，偏冷
2023-08-10,46.53,6409.22,6438.43,6392.89,6426.81,45–54，中性
2023-08-11,34.71,6428.88,6428.88,6304.64,6304.64,25–44，偏冷
2023-08-14,48.74,6251.97,6320.95,6213.98,6319.41,45–54，中性
2023-08-15,41.75,6318.55,6325.57,6203.44,6261.73,25–44，偏冷
2023-08-16,40.57,6240.71,6255.81,6186.4,6186.4,25–44，偏冷
2023-08-17,59.11,6167.65,6255.05,6128.13,6247.6,55–74，偏热
2023-08-18,36.47,6245.13,6259.79,6117.11,6117.11,25–44，偏冷
2023-08-21,38.57,6107.92,6154.25,6057.17,6057.17,25–44，偏冷
2023-08-22,46.38,6082.72,6108.21,5984.44,6099.19,45–54，中性
2023-08-23,33.61,6084.15,6084.15,5973.65,5973.67,25–44，偏冷
2023-08-24,42.13,5989.43,6049.55,5942.57,5987.97,25–44，偏冷
2023-08-25,31.09,5960.59,5980.24,5855.88,5879.03,25–44，偏冷
2023-08-28,58.96,6204.1,6204.1,5907.94,5922.16,55–74，偏热
2023-08-29,68.96,5909.46,6121.59,5907.96,6108.76,55–74，偏热
2023-08-30,61.31,6117.41,6185.27,6102.09,6139.63,55–74，偏热
2023-08-31,41.1,6130.64,6130.95,6087.33,6104.3,25–44，偏冷
2023-09-01,45.39,6108.13,6136.78,6086.27,6107.2,45–54，中性
2023-09-04,60.62,6129.54,6198.76,6109.1,6198.76,55–74，偏热
2023-09-05,47.09,6188.52,6206.35,6154.83,6167.64,45–54，中性
2023-09-06,57.13,6146.39,6202.32,6117.81,6195.38,55–74，偏热
2023-09-07,34.4,6185.33,6185.33,6083.49,6083.49,25–44，偏冷
2023-09-08,46.46,6063.24,6128.84,6062.9,6102.49,45–54，中性
2023-09-11,59.77,6114.07,6204.43,6083.39,6182.64,55–74，偏热
2023-09-12,52.82,6175.63,6212.26,6169.04,6184.61,45–54，中性
2023-09-13,48.66,6169.53,6177.38,6059.29,6103.14,45–54，中性
2023-09-14,48.55,6101.77,6102.49,6037.72,6068.71,45–54，中性
2023-09-15,56.61,6082.19,6117.82,6046.87,6079.06,55–74，偏热
2023-09-18,59.82,6058.3,6106.27,6029.97,6083.97,55–74，偏热
2023-09-19,44.98,6077.4,6077.4,6011.91,6031.04,25–44，偏冷
2023-09-20,44.08,6020.91,6038.75,5982.11,5982.56,25–44，偏冷
2023-09-21,48.91,5968.35,5999.4,5931.1,5939.66,45–54，中性
2023-09-22,66.94,5934.27,6056.45,5923.24,6054.93,55–74，偏热
2023-09-25,53.01,6051.82,6058.47,6014.61,6027.39,45–54，中性
2023-09-26,49.4,6017.3,6034.85,5996.05,5996.11,45–54，中性
2023-09-27,59.33,5989.8,6063.91,5989.16,6034.06,55–74，偏热
2023-09-28,61.28,6048.83,6085.53,6048.68,6078.94,55–74，偏热
2023-10-09,51.59,6073.28,6075.46,6025.36,6059.97,45–54，中性
2023-10-10,49.15,6069.91,6084.93,6037.47,6043.48,45–54，中性
2023-10-11,64.35,6056.03,6105.42,6040.5,6059.4,55–74，偏热
2023-10-12,72.31,6088.55,6106.95,6064.82,6104.46,55–74，偏热
2023-10-13,54.78,6080.33,6091.54,6063.56,6081.87,45–54，中性
2023-10-16,46.39,6089.42,6089.48,5996.79,6024.36,45–54，中性
2023-10-17,55.1,6027.91,6028.02,5967.3,6011.37,55–74，偏热
2023-10-18,49.2,5992.51,5992.51,5905.84,5908.01,45–54，中性
2023-10-19,47.07,5879.81,5929.58,5842.41,5842.89,45–54，中性
2023-10-20,47.98,5816.72,5855.46,5767.02,5774.32,45–54，中性
2023-10-23,45.4,5754.18,5754.25,5613.73,5638.14,45–54，中性
2023-10-24,71.51,5654.93,5734.55,5625.71,5719.32,55–74，偏热
2023-10-25,73.9,5753.68,5811.27,5752.79,5778.9,55–74，偏热
2023-10-26,64.97,5745.53,5817.63,5724.0,5811.69,55–74，偏热
2023-10-27,76.03,5792.61,5937.54,5774.63,5916.68,75–100，极热
2023-10-30,76.14,5899.38,6017.28,5898.69,6006.56,75–100，极热
2023-10-31,46.41,6003.37,6013.73,5934.2,5969.34,45–54，中性
2023-11-01,57.01,5969.81,5983.87,5943.19,5958.42,55–74，偏热
2023-11-02,45.8,5958.48,5983.22,5885.25,5885.25,45–54，中性
2023-11-03,68.52,5895.6,5992.75,5895.6,5973.17,55–74，偏热
2023-11-06,80.47,6007.43,6097.04,6007.43,6096.57,75–100，极热
2023-11-07,69.9,6088.51,6132.14,6068.24,6116.76,55–74，偏热
2023-11-08,73.42,6114.99,6160.24,6099.29,6138.94,55–74，偏热
2023-11-09,43.34,6135.07,6160.98,6087.73,6100.69,25–44，偏冷
2023-11-10,53.97,6079.47,6097.61,6055.99,6088.56,45–54，中性
2023-11-13,70.03,6107.27,6144.63,6095.27,6144.63,55–74，偏热
2023-11-14,74.82,6143.48,6189.5,6133.22,6181.98,55–74，偏热
2023-11-15,77.92,6226.2,6234.54,6184.9,6207.27,75–100，极热
2023-11-16,46.25,6188.83,6193.64,6143.82,6145.15,45–54，中性
2023-11-17,69.27,6135.83,6199.23,6131.67,6199.23,55–74，偏热
2023-11-20,75.57,6211.34,6254.14,6184.64,6253.28,75–100，极热
2023-11-21,45.08,6258.74,6267.22,6200.69,6212.13,45–54，中性
2023-11-22,42.41,6193.36,6221.87,6132.97,6132.97,25–44，偏冷
2023-11-23,64.82,6123.59,6199.88,6107.0,6197.53,55–74，偏热
2023-11-24,42.35,6194.02,6194.02,6098.96,6115.41,25–44，偏冷
2023-11-27,54.56,6107.56,6130.4,6076.71,6111.36,45–54，中性
2023-11-28,54.66,6099.51,6143.3,6065.69,6143.3,45–54，中性
2023-11-29,43.92,6138.76,6154.9,6103.98,6113.37,25–44，偏冷
2023-11-30,45.31,6104.77,6110.41,6031.48,6080.55,45–54，中性
2023-12-01,53.38,6078.64,6142.74,6059.8,6130.05,45–54，中性
2023-12-04,51.75,6131.59,6147.05,6110.25,6114.39,45–54，中性
2023-12-05,48.5,6098.12,6098.12,5992.6,5992.6,45–54，中性
2023-12-06,55.71,5977.61,6066.42,5970.28,6023.8,55–74，偏热
2023-12-07,48.28,6019.96,6044.86,5983.25,6020.83,45–54，中性
2023-12-08,53.06,6021.92,6056.06,6003.14,6003.14,45–54，中性
2023-12-11,68.45,5984.68,6080.8,5933.74,6075.08,55–74，偏热
2023-12-12,64.17,6070.88,6084.28,6050.73,6078.99,55–74，偏热
2023-12-13,55.18,6067.78,6076.36,6019.55,6019.55,55–74，偏热
2023-12-14,50.98,6038.92,6072.61,5989.23,5991.86,45–54，中性
2023-12-15,52.95,6000.26,6016.4,5935.32,5951.6,45–54，中性
2023-12-18,47.48,5939.43,5941.9,5845.96,5857.01,45–54，中性
2023-12-19,54.46,5853.19,5887.77,5820.51,5863.54,45–54，中性
2023-12-20,47.39,5869.56,5873.76,5761.31,5761.31,45–54，中性
2023-12-21,57.4,5739.02,5814.04,5685.64,5798.91,55–74，偏热
2023-12-22,43.08,5797.61,5819.65,5713.8,5733.91,25–44，偏冷
2023-12-25,50.04,5726.56,5753.43,5698.32,5735.73,45–54，中性
2023-12-26,44.71,5734.15,5734.56,5632.87,5651.59,25–44，偏冷
2023-12-27,56.37,5658.19,5703.17,5636.94,5696.16,55–74，偏热
2023-12-28,63.66,5687.75,5824.4,5660.13,5805.53,55–74，偏热
2023-12-29,62.31,5797.58,5891.63,5795.76,5887.24,55–74，偏热
2024-01-02,56.33,5891.17,5891.23,5854.59,5854.75,55–74，偏热
2024-01-03,45.06,5838.55,5861.41,5785.25,5824.04,45–54，中性
2024-01-04,44.55,5814.94,5814.94,5753.47,5783.02,25–44，偏冷
2024-01-05,34.28,5779.76,5796.76,5652.13,5675.81,25–44，偏冷
2024-01-08,32.18,5664.45,5664.45,5543.57,5543.57,25–44，偏冷
2024-01-09,45.65,5553.18,5607.22,5513.13,5553.3,45–54，中性
2024-01-10,35.15,5540.66,5580.42,5462.36,5512.07,25–44，偏冷
2024-01-11,56.01,5507.8,5634.02,5502.29,5611.11,55–74，偏热
2024-01-12,32.58,5601.1,5646.27,5574.41,5574.49,25–44，偏冷
2024-01-15,37.67,5558.15,5607.13,5520.36,5559.38,25–44，偏冷
2024-01-16,41.81,5555.0,5566.21,5463.29,5539.47,25–44，偏冷
2024-01-17,28.12,5529.89,5529.89,5389.12,5389.12,25–44，偏冷
2024-01-18,40.69,5360.21,5375.23,5214.9,5373.42,25–44，偏冷
2024-01-19,26.62,5364.81,5395.14,5304.96,5306.99,25–44，偏冷
2024-01-22,16.69,5298.31,5298.31,4970.2,5000.83,0–24，极冷
2024-01-23,31.87,4992.79,5102.44,4939.52,5079.63,25–44，偏冷
2024-01-24,46.2,5102.82,5151.42,4951.9,5143.41,45–54，中性
2024-01-25,54.4,5143.29,5316.26,5112.54,5316.2,45–54，中性
2024-01-26,31.16,5303.96,5352.85,5253.32,5269.76,25–44，偏冷
2024-01-29,20.19,5282.82,5301.87,5131.25,5131.25,0–24，极冷
2024-01-30,17.08,5099.59,5144.29,4978.91,4984.66,0–24，极冷
2024-01-31,11.16,4949.19,4986.1,4775.62,4785.03,0–24，极冷
2024-02-01,19.28,4753.64,4858.72,4684.47,4750.44,0–24，极冷
2024-02-02,7.5,4753.67,4802.62,4431.82,4574.67,0–24，极冷
2024-02-05,5.47,4534.75,4534.75,4177.94,4293.07,0–24，极冷
2024-02-06,44.82,4229.79,4641.45,4192.97,4592.44,25–44，偏冷
2024-02-07,40.61,4604.12,4848.24,4599.35,4797.85,25–44，偏冷
2024-02-08,61.26,4826.14,5067.23,4826.14,4993.1,55–74，偏热
2024-02-19,68.79,5062.68,5071.2,4950.33,5029.59,55–74，偏热
2024-02-20,61.76,5004.42,5058.22,4950.39,5046.01,55–74，偏热
2024-02-21,75.22,5001.66,5208.65,4974.08,5073.48,75–100，极热
2024-02-22,72.94,5075.43,5152.02,5066.0,5151.53,55–74，偏热
2024-02-23,74.87,5169.01,5225.67,5114.15,5225.67,55–74，偏热
2024-02-26,65.71,5234.81,5325.77,5201.13,5255.4,55–74，偏热
2024-02-27,76.89,5237.11,5394.03,5218.59,5394.03,75–100，极热
2024-02-28,30.83,5403.5,5478.09,5152.05,5152.05,25–44，偏冷
2024-02-29,79.33,5122.18,5344.61,5122.18,5344.61,75–100，极热
2024-03-01,75.22,5354.73,5411.32,5322.09,5401.94,75–100，极热
2024-03-04,70.25,5412.91,5429.8,5332.24,5428.34,55–74，偏热
2024-03-05,47.22,5392.88,5417.82,5337.67,5375.13,45–54，中性
2024-03-06,64.5,5346.08,5434.4,5306.46,5381.46,55–74，偏热
2024-03-07,46.69,5389.99,5430.39,5303.28,5303.28,45–54，中性
2024-03-08,71.36,5309.59,5386.18,5283.15,5370.37,55–74，偏热
2024-03-11,85.57,5358.84,5466.65,5350.29,5466.65,75–100，极热
2024-03-12,87.34,5477.13,5524.5,5443.96,5496.36,75–100，极热
2024-03-13,64.98,5501.59,5561.08,5476.79,5521.78,55–74，偏热
2024-03-14,59.84,5521.72,5546.1,5433.21,5486.65,55–74，偏热
2024-03-15,86.59,5472.89,5555.64,5459.32,5555.64,75–100，极热
2024-03-18,94.67,5573.93,5648.01,5559.05,5648.01,75–100，极热
2024-03-19,65.34,5633.5,5660.5,5607.26,5607.48,55–74，偏热
2024-03-20,89.69,5600.12,5663.74,5600.12,5659.15,75–100，极热
2024-03-21,66.03,5674.5,5690.45,5623.3,5658.28,55–74，偏热
2024-03-22,52.58,5649.08,5660.15,5546.78,5595.88,45–54，中性
2024-03-25,45.95,5581.35,5611.69,5466.06,5466.06,45–54，中性
2024-03-26,67.58,5454.65,5495.63,5381.85,5447.75,55–74，偏热
2024-03-27,45.97,5435.97,5436.65,5266.23,5266.23,45–54，中性
2024-03-28,72.05,5262.22,5430.77,5262.22,5382.24,55–74，偏热
2024-03-29,68.29,5383.74,5441.26,5345.87,5441.26,55–74，偏热
2024-04-01,80.22,5461.59,5559.87,5461.59,5559.06,75–100，极热
2024-04-02,57.83,5556.52,5556.52,5490.82,5531.05,55–74，偏热
2024-04-03,51.13,5518.91,5525.03,5457.61,5500.93,45–54，中性
2024-04-08,45.83,5487.63,5492.4,5399.91,5399.91,45–54，中性
2024-04-09,63.98,5392.99,5468.91,5384.03,5468.91,55–74，偏热
2024-04-10,38.8,5456.97,5456.97,5325.91,5367.05,25–44，偏冷
2024-04-11,46.38,5330.68,5441.5,5322.84,5379.92,45–54，中性
2024-04-12,39.66,5379.17,5408.52,5330.54,5338.77,25–44，偏冷
2024-04-15,46.18,5320.81,5364.59,5205.71,5287.51,45–54，中性
2024-04-16,26.21,5255.21,5283.83,5063.94,5066.66,25–44，偏冷
2024-04-17,61.7,5109.08,5287.46,5109.08,5287.46,55–74，偏热
2024-04-18,46.22,5276.47,5345.44,5233.9,5286.72,45–54，中性
2024-04-19,38.6,5257.01,5312.15,5224.32,5264.39,25–44，偏冷
2024-04-22,37.24,5231.56,5300.79,5187.52,5246.08,25–44，偏冷
2024-04-23,42.4,5234.43,5260.29,5194.26,5218.43,25–44，偏冷
2024-04-24,54.08,5219.26,5305.61,5200.6,5305.61,45–54，中性
2024-04-25,43.69,5285.14,5357.44,5273.55,5313.99,25–44，偏冷
2024-04-26,64.89,5303.15,5420.37,5303.15,5415.94,55–74，偏热
2024-04-29,73.61,5422.41,5550.21,5422.41,5545.23,55–74，偏热
2024-04-30,41.06,5530.94,5542.19,5482.99,5497.43,25–44，偏冷
2024-05-06,67.5,5558.92,5611.27,5558.92,5606.84,55–74，偏热
2024-05-07,62.49,5604.27,5631.95,5593.01,5625.34,55–74，偏热
2024-05-08,51.21,5605.59,5605.59,5529.91,5536.66,45–54，中性
2024-05-09,68.1,5533.51,5638.64,5533.51,5626.83,55–74，偏热
2024-05-10,50.22,5632.76,5641.92,5549.61,5574.23,45–54，中性
2024-05-13,47.46,5537.93,5556.71,5479.95,5520.8,45–54，中性
2024-05-14,58.49,5524.43,5574.25,5524.26,5551.68,55–74，偏热
2024-05-15,45.93,5541.81,5551.26,5491.52,5497.23,45–54，中性
2024-05-16,60.48,5508.95,5539.92,5474.28,5488.95,55–74，偏热
2024-05-17,66.98,5489.42,5564.06,5478.3,5563.23,55–74，偏热
2024-05-20,59.6,5563.65,5612.35,5548.9,5596.78,55–74，偏热
2024-05-21,46.68,5586.01,5586.01,5517.39,5536.74,45–54，中性
2024-05-22,59.15,5532.84,5553.7,5508.76,5539.66,55–74，偏热
2024-05-23,44.06,5521.18,5521.18,5402.0,5412.82,25–44，偏冷
2024-05-24,38.66,5401.58,5436.81,5350.11,5350.11,25–44，偏冷
2024-05-27,49.47,5358.08,5404.62,5295.09,5404.62,45–54，中性
2024-05-28,37.38,5390.4,5414.98,5343.83,5348.03,25–44，偏冷
2024-05-29,44.5,5336.7,5386.78,5324.69,5351.25,25–44，偏冷
2024-05-30,37.51,5334.8,5371.81,5311.44,5334.3,25–44，偏冷
2024-05-31,47.49,5334.1,5381.72,5334.1,5355.21,45–54，中性
2024-06-03,34.75,5350.64,5351.25,5246.17,5284.62,25–44，偏冷
2024-06-04,42.73,5267.36,5319.71,5229.68,5313.71,25–44，偏冷
2024-06-05,36.19,5294.3,5330.8,5244.09,5244.09,25–44，偏冷
2024-06-06,29.9,5249.95,5275.89,5113.21,5130.87,25–44，偏冷
2024-06-07,46.14,5159.17,5190.0,5096.08,5153.59,45–54，中性
2024-06-11,41.96,5132.22,5208.18,5086.86,5198.92,25–44，偏冷
2024-06-12,51.34,5188.36,5231.47,5186.61,5216.46,45–54，中性
2024-06-13,43.99,5214.41,5219.71,5170.17,5180.24,25–44，偏冷
2024-06-14,48.05,5164.87,5190.71,5138.36,5180.65,45–54，中性
2024-06-17,49.66,5158.98,5211.39,5151.28,5183.97,45–54，中性
2024-06-18,66.6,5183.27,5237.82,5177.28,5227.25,55–74，偏热
2024-06-19,53.66,5230.49,5241.97,5159.99,5159.99,45–54，中性
2024-06-20,42.78,5150.8,5174.87,5052.89,5056.14,25–44，偏冷
2024-06-21,46.94,5040.63,5090.57,5014.48,5055.33,45–54，中性
2024-06-24,36.39,5025.52,5029.73,4884.5,4887.78,25–44，偏冷
2024-06-25,46.83,4885.89,4907.96,4814.68,4847.61,45–54，中性
2024-06-26,60.48,4842.0,4988.31,4812.1,4986.38,55–74，偏热
2024-06-27,36.2,4964.66,4969.09,4862.63,4864.09,25–44，偏冷
2024-06-28,46.99,4855.35,4968.27,4851.84,4895.99,45–54，中性
2024-07-01,50.5,4894.56,4954.18,4839.75,4940.25,45–54，中性
2024-07-02,49.16,4940.7,4951.2,4886.7,4905.65,45–54，中性
2024-07-03,39.9,4900.67,4906.51,4857.78,4867.13,25–44，偏冷
2024-07-04,35.94,4868.55,4883.74,4745.91,4761.87,25–44，偏冷
2024-07-05,55.65,4753.73,4828.84,4711.87,4810.79,55–74，偏热
2024-07-08,34.61,4801.49,4801.49,4679.28,4693.96,25–44，偏冷
2024-07-09,54.75,4689.27,4810.32,4645.2,4797.06,45–54，中性
2024-07-10,39.01,4783.17,4829.21,4768.12,4777.68,25–44，偏冷
2024-07-11,61.13,4846.11,4896.15,4821.41,4893.59,55–74，偏热
2024-07-12,43.59,4884.41,4897.17,4858.3,4878.02,25–44，偏冷
2024-07-15,38.62,4869.0,4869.0,4815.41,4827.6,25–44，偏冷
2024-07-16,50.82,4815.74,4845.35,4786.21,4836.72,45–54，中性
2024-07-17,44.58,4834.44,4842.72,4786.35,4795.62,25–44，偏冷
2024-07-18,44.29,4763.3,4822.62,4714.6,4812.43,25–44，偏冷
2024-07-19,51.66,4788.77,4854.71,4778.71,4821.42,45–54，中性
2024-07-22,47.52,4822.64,4848.31,4798.12,4826.87,45–54，中性
2024-07-23,31.13,4825.75,4825.75,4694.95,4694.95,25–44，偏冷
2024-07-24,26.06,4682.06,4713.07,4625.42,4631.01,25–44，偏冷
2024-07-25,42.83,4602.63,4678.66,4587.71,4632.57,25–44，偏冷
2024-07-26,46.81,4638.31,4710.57,4638.31,4702.08,45–54，中性
2024-07-29,41.48,4707.28,4707.28,4670.8,4685.65,25–44，偏冷
2024-07-30,44.96,4674.92,4716.21,4637.41,4702.49,25–44，偏冷
2024-07-31,65.46,4698.73,4889.77,4690.0,4889.08,55–74，偏热
2024-08-01,40.25,4894.81,4933.06,4850.63,4878.29,25–44，偏冷
2024-08-02,28.99,4844.78,4902.94,4802.02,4809.89,25–44，偏冷
2024-08-05,19.03,4776.18,4854.59,4678.74,4678.78,0–24，极冷
2024-08-06,48.71,4731.2,4766.27,4695.64,4749.95,45–54，中性
2024-08-07,39.45,4741.65,4772.21,4715.53,4743.41,25–44，偏冷
2024-08-08,37.26,4728.33,4776.49,4677.43,4739.49,25–44，偏冷
2024-08-09,30.83,4760.13,4789.17,4702.75,4702.75,25–44，偏冷
2024-08-12,30.91,4696.36,4707.22,4657.33,4674.1,25–44，偏冷
2024-08-13,46.74,4671.2,4698.34,4642.67,4697.59,45–54，中性
2024-08-14,35.4,4698.0,4698.15,4649.28,4649.28,25–44，偏冷
2024-08-15,54.62,4639.08,4743.73,4620.56,4691.85,45–54，中性
2024-08-16,31.1,4696.72,4703.03,4654.46,4655.65,25–44，偏冷
2024-08-19,36.68,4651.3,4714.06,4644.6,4663.61,25–44，偏冷
2024-08-20,27.94,4663.78,4665.63,4563.86,4579.3,25–44，偏冷
2024-08-21,35.39,4564.38,4590.2,4543.88,4548.26,25–44，偏冷
2024-08-22,29.14,4549.3,4562.98,4484.56,4491.84,25–44，偏冷
2024-08-23,34.14,4482.65,4510.6,4462.76,4495.34,25–44，偏冷
2024-08-26,42.82,4492.71,4531.17,4476.24,4512.89,25–44，偏冷
2024-08-27,28.23,4500.74,4501.08,4449.21,4459.68,25–44，偏冷
2024-08-28,39.0,4449.71,4506.31,4437.52,4470.55,25–44，偏冷
2024-08-29,51.49,4453.43,4558.95,4443.9,4542.46,45–54，中性
2024-08-30,66.45,4539.93,4691.01,4534.04,4629.32,55–74，偏热
2024-09-02,24.47,4627.18,4635.77,4529.83,4532.51,0–24，极冷
2024-09-03,52.5,4529.94,4598.63,4529.94,4572.4,45–54，中性
2024-09-04,40.7,4542.9,4594.44,4529.34,4550.77,25–44，偏冷
2024-09-05,52.93,4554.52,4614.75,4554.52,4586.78,45–54，中性
2024-09-06,34.64,4588.93,4595.7,4506.39,4508.23,25–44，偏冷
2024-09-09,36.56,4490.99,4523.37,4459.13,4475.53,25–44，偏冷
2024-09-10,41.5,4481.49,4507.15,4400.78,4487.58,25–44，偏冷
2024-09-11,40.37,4469.01,4500.68,4453.2,4486.01,25–44，偏冷
2024-09-12,44.54,4490.52,4542.28,4468.74,4468.74,25–44，偏冷
2024-09-13,35.65,4471.98,4478.22,4413.19,4413.19,25–44，偏冷
2024-09-18,37.4,4413.9,4425.79,4342.21,4399.13,25–44，偏冷
2024-09-19,66.52,4418.78,4527.61,4385.49,4482.27,55–74，偏热
2024-09-20,43.77,4484.18,4487.08,4428.17,4463.36,25–44，偏冷
2024-09-23,48.48,4462.72,4513.97,4445.99,4469.13,45–54，中性
2024-09-24,73.46,4489.49,4642.56,4466.34,4642.56,55–74，偏热
2024-09-25,72.95,4688.39,4799.86,4681.85,4686.26,55–74，偏热
2024-09-26,81.86,4675.94,4874.13,4672.87,4874.13,75–100，极热
2024-09-27,90.25,4950.94,5164.54,4944.84,5136.44,75–100，极热
2024-09-30,99.87,5375.57,5732.57,5307.55,5708.83,75–100，极热
2024-10-08,99.82,6437.11,6437.11,5861.32,6201.99,75–100，极热
2024-10-09,54.11,6052.67,6105.03,5706.05,5727.38,45–54，中性
2024-10-10,64.29,5777.9,5881.33,5593.98,5654.53,55–74，偏热
2024-10-11,52.97,5610.95,5616.81,5349.32,5416.76,45–54，中性
2024-10-14,96.88,5451.62,5620.42,5346.42,5615.76,75–100，极热
2024-10-15,57.93,5585.69,5704.56,5505.81,5507.18,55–74，偏热
2024-10-16,66.46,5425.43,5598.84,5424.39,5524.25,55–74，偏热
2024-10-17,61.79,5563.46,5624.79,5504.49,5505.61,55–74，偏热
2024-10-18,97.59,5495.2,5880.9,5484.24,5749.43,75–100，极热
2024-10-21,94.58,5797.0,5954.44,5767.79,5860.57,75–100，极热
2024-10-22,86.32,5866.79,5940.37,5814.3,5888.81,75–100，极热
2024-10-23,90.13,5871.32,5991.59,5856.37,5903.58,75–100，极热
2024-10-24,65.61,5871.29,5887.45,5817.93,5861.63,55–74，偏热
2024-10-25,95.67,5876.44,6014.11,5876.21,5974.91,75–100，极热
2024-10-28,96.34,5988.72,6082.09,5965.0,6082.09,75–100，极热
2024-10-29,61.36,6106.19,6113.64,5982.53,5983.84,55–74，偏热
2024-10-30,64.52,5960.79,6043.59,5945.68,6019.35,55–74，偏热
2024-10-31,81.2,6041.01,6161.56,6004.71,6116.66,75–100，极热
2024-11-01,37.99,6100.79,6125.41,5912.53,5930.23,25–44，偏冷
2024-11-04,81.28,5912.31,6053.11,5912.31,6053.11,75–100，极热
2024-11-05,95.91,6057.21,6279.92,6051.46,6266.54,75–100，极热
2024-11-06,68.23,6287.29,6368.87,6247.15,6293.19,55–74，偏热
2024-11-07,77.03,6238.62,6403.92,6229.49,6403.92,75–100，极热
2024-11-08,65.85,6470.07,6526.65,6400.09,6423.12,55–74，偏热
2024-11-11,94.63,6416.17,6580.57,6412.58,6579.01,75–100，极热
2024-11-12,61.1,6593.82,6616.16,6429.35,6491.97,55–74，偏热
2024-11-13,85.86,6453.86,6512.6,6357.56,6474.39,75–100，极热
2024-11-14,53.07,6462.01,6472.95,6263.31,6272.19,45–54，中性
2024-11-15,52.03,6246.34,6331.87,6124.66,6125.51,45–54，中性
2024-11-18,43.59,6154.51,6180.88,5937.09,5974.56,25–44，偏冷
2024-11-19,77.45,5977.84,6130.5,5945.46,6130.28,75–100，极热
2024-11-20,83.53,6116.96,6262.08,6105.22,6250.8,75–100，极热
2024-11-21,70.64,6241.01,6292.86,6199.71,6262.16,55–74，偏热
2024-11-22,35.57,6240.09,6280.6,6030.37,6030.49,25–44，偏冷
2024-11-25,57.08,6047.94,6076.19,5937.91,6052.13,55–74，偏热
2024-11-26,42.58,6036.64,6093.37,5979.39,5981.57,25–44，偏冷
2024-11-27,65.51,5942.53,6119.01,5857.0,6118.66,55–74，偏热
2024-11-28,52.76,6121.68,6170.13,6077.6,6086.09,45–54，中性
2024-11-29,77.21,6066.71,6246.2,6039.83,6189.13,75–100，极热
2024-12-02,84.14,6188.8,6325.86,6188.8,6313.61,75–100，极热
2024-12-03,58.37,6318.97,6342.36,6239.44,6303.28,55–74，偏热
2024-12-04,43.54,6301.05,6303.5,6175.84,6204.94,25–44，偏冷
2024-12-05,63.12,6186.12,6302.36,6186.12,6285.6,55–74，偏热
2024-12-06,72.03,6291.3,6384.66,6229.21,6349.62,55–74，偏热
2024-12-09,42.43,6346.59,6371.1,6257.54,6303.27,25–44，偏冷
2024-12-10,69.74,6493.54,6497.89,6352.76,6362.02,55–74，偏热
2024-12-11,68.47,6343.78,6454.97,6343.78,6447.37,55–74，偏热
2024-12-12,70.62,6454.94,6493.71,6390.59,6490.15,55–74，偏热
2024-12-13,38.17,6447.2,6460.94,6351.3,6354.99,25–44，偏冷
2024-12-16,47.34,6355.63,6367.81,6248.16,6277.52,45–54，中性
2024-12-17,39.01,6262.49,6269.14,6133.13,6143.94,25–44，偏冷
2024-12-18,57.82,6156.69,6242.52,6121.05,6195.87,55–74，偏热
2024-12-19,52.12,6127.22,6223.8,6108.39,6207.19,45–54，中性
2024-12-20,54.71,6195.64,6320.96,6191.08,6271.75,45–54，中性
2024-12-23,42.19,6271.76,6276.97,6086.91,6096.38,25–44，偏冷
2024-12-24,62.64,6110.77,6165.2,6066.23,6164.36,55–74，偏热
2024-12-25,45.74,6158.65,6159.6,6037.74,6094.69,45–54，中性
2024-12-26,66.02,6083.89,6185.81,6083.89,6160.45,55–74，偏热
2024-12-27,54.92,6164.67,6250.2,6135.48,6171.57,45–54，中性
2024-12-30,44.24,6164.91,6192.58,6097.1,6145.93,25–44，偏冷
2024-12-31,34.25,6151.03,6160.73,5957.72,5957.72,25–44，偏冷
2025-01-02,30.72,5948.68,5982.55,5743.18,5797.09,25–44，偏冷
2025-01-03,21.13,5808.54,5826.08,5609.77,5625.21,0–24，极冷
2025-01-06,28.57,5614.03,5688.92,5561.9,5608.03,25–44，偏冷
2025-01-07,44.26,5610.95,5694.0,5580.89,5692.04,25–44，偏冷
2025-01-08,35.03,5664.31,5706.66,5501.49,5661.78,25–44，偏冷
2025-01-09,40.59,5629.9,5714.46,5629.82,5672.78,25–44，偏冷
2025-01-10,22.68,5662.77,5718.21,5544.92,5544.92,0–24，极冷
2025-01-13,31.36,5487.12,5599.33,5457.51,5559.47,25–44，偏冷
2025-01-14,53.04,5580.88,5814.71,5562.18,5811.05,45–54，中性
2025-01-15,34.79,5805.9,5815.15,5755.62,5775.57,25–44，偏冷
2025-01-16,45.97,5810.05,5906.47,5753.76,5801.31,45–54，中性
2025-01-17,40.32,5780.61,5885.42,5755.91,5841.57,25–44，偏冷
2025-01-20,45.45,5877.97,5925.07,5856.83,5879.15,45–54，中性
2025-01-21,40.33,5911.4,5917.13,5834.96,5908.02,25–44，偏冷
2025-01-22,33.15,5879.84,5886.74,5824.03,5855.74,25–44，偏冷
2025-01-23,36.66,5911.22,5991.85,5829.03,5829.03,25–44，偏冷
2025-01-24,45.92,5815.46,5943.11,5815.46,5938.13,45–54，中性
2025-01-27,29.79,5946.73,5964.15,5846.07,5846.07,25–44，偏冷
2025-02-05,41.88,5900.51,5928.88,5851.6,5881.44,25–44，偏冷
2025-02-06,63.13,5869.71,6042.02,5853.75,6041.83,55–74，偏热
2025-02-07,72.22,6046.36,6198.75,6042.26,6134.05,55–74，偏热
2025-02-10,75.28,6155.05,6218.07,6126.08,6210.55,75–100，极热
2025-02-11,62.81,6209.52,6220.96,6135.87,6190.17,55–74，偏热
2025-02-12,73.33,6172.39,6284.92,6171.06,6284.61,55–74，偏热
2025-02-13,55.11,6290.79,6290.79,6202.59,6212.5,55–74，偏热
2025-02-14,69.21,6203.48,6257.31,6182.26,6248.83,55–74，偏热
2025-02-17,79.89,6285.04,6308.48,6231.87,6281.57,75–100，极热
2025-02-18,46.92,6264.28,6282.4,6112.59,6142.14,45–54，中性
2025-02-19,77.95,6134.99,6290.01,6133.94,6288.53,75–100，极热
2025-02-20,75.43,6289.13,6349.47,6274.03,6334.41,75–100，极热
2025-02-21,79.06,6347.67,6456.92,6317.09,6449.23,75–100，极热
2025-02-24,67.02,6454.56,6504.4,6411.77,6464.02,55–74，偏热
2025-02-25,58.48,6369.28,6503.01,6359.84,6435.43,55–74，偏热
2025-02-26,80.34,6451.4,6527.85,6423.6,6524.41,75–100，极热
2025-02-27,57.41,6526.81,6550.1,6395.91,6499.53,55–74，偏热
2025-02-28,45.11,6460.9,6468.8,6252.01,6270.42,45–54，中性
2025-03-03,60.7,6291.05,6382.05,6240.57,6273.67,55–74，偏热
2025-03-04,67.1,6218.83,6364.12,6217.81,6357.63,55–74，偏热
2025-03-05,60.46,6365.43,6401.83,6318.29,6398.24,55–74，偏热
2025-03-06,76.63,6438.16,6548.85,6435.54,6534.97,75–100，极热
2025-03-07,50.71,6512.73,6577.95,6465.26,6507.76,45–54，中性
2025-03-10,62.95,6519.03,6541.59,6466.9,6520.97,55–74，偏热
2025-03-11,62.97,6438.24,6551.73,6432.76,6551.73,55–74，偏热
2025-03-12,62.98,6585.6,6632.39,6564.72,6566.97,55–74，偏热
2025-03-13,49.48,6558.42,6570.89,6405.73,6466.85,45–54，中性
2025-03-14,73.45,6463.92,6575.82,6428.22,6571.17,55–74，偏热
2025-03-17,65.45,6585.82,6609.89,6557.63,6589.57,55–74，偏热
2025-03-18,66.06,6605.04,6642.86,6581.96,6611.93,55–74，偏热
2025-03-19,52.85,6590.56,6598.51,6536.72,6564.68,45–54，中性
2025-03-20,55.09,6551.82,6596.27,6528.86,6535.06,55–74，偏热
2025-03-21,41.58,6507.95,6531.76,6389.62,6405.61,25–44，偏冷
2025-03-24,41.78,6403.57,6412.52,6244.87,6360.34,25–44，偏冷
2025-03-25,46.6,6355.81,6382.19,6289.12,6310.76,45–54，中性
2025-03-26,56.78,6297.33,6371.1,6297.33,6334.91,55–74，偏热
2025-03-27,45.23,6315.1,6394.21,6254.89,6328.77,45–54，中性
2025-03-28,39.67,6326.81,6356.8,6261.69,6268.32,25–44，偏冷
2025-03-31,37.8,6229.56,6259.36,6143.65,6226.65,25–44，偏冷
2025-04-01,49.17,6242.07,6300.67,6240.2,6259.48,45–54，中性
2025-04-02,43.53,6252.63,6316.64,6251.85,6277.25,25–44，偏冷
2025-04-03,37.6,6208.29,6299.16,6168.54,6203.26,25–44，偏冷
2025-04-07,9.04,5811.54,5905.57,5437.45,5496.44,0–24，极冷
2025-04-08,30.76,5475.56,5632.64,5426.03,5530.02,25–44，偏冷
2025-04-09,43.56,5439.18,5688.48,5224.97,5652.33,25–44，偏冷
2025-04-10,45.96,5766.51,5883.46,5766.41,5784.59,45–54，中性
2025-04-11,30.23,5744.8,5923.14,5743.08,5862.19,25–44，偏冷
2025-04-14,40.02,5933.99,5979.9,5914.25,5938.53,25–44，偏冷
2025-04-15,28.51,5938.57,5949.86,5872.29,5914.03,25–44，偏冷
2025-04-16,21.91,5897.2,5903.12,5758.67,5835.35,0–24，极冷
2025-04-17,32.95,5802.29,5898.18,5801.12,5839.56,25–44，偏冷
2025-04-18,25.76,5833.11,5855.69,5793.79,5831.69,25–44，偏冷
2025-04-21,40.01,5826.62,5952.72,5802.83,5952.64,25–44，偏冷
2025-04-22,30.7,5947.15,5974.32,5923.59,5949.31,25–44，偏冷
2025-04-23,34.24,5971.47,6013.28,5954.03,5984.58,25–44，偏冷
2025-04-24,25.47,5979.41,5984.37,5897.65,5920.48,25–44，偏冷
2025-04-25,31.44,5927.32,5982.71,5901.08,5939.5,25–44，偏冷
2025-04-28,21.58,5933.42,5939.96,5868.87,5877.06,0–24，极冷
2025-04-29,28.55,5850.83,5921.56,5836.03,5903.38,25–44，偏冷
2025-04-30,35.81,5907.19,5972.66,5907.19,5950.12,25–44，偏冷
2025-05-06,50.0,5993.33,6102.92,5993.33,6102.92,45–54，中性
2025-05-07,66.71,6171.61,6195.14,6063.64,6111.49,55–74，偏热
2025-05-08,64.46,6093.56,6167.15,6087.37,6158.08,55–74，偏热
2025-05-09,50.0,6153.53,6153.53,6054.93,6082.08,45–54，中性
2025-05-12,67.57,6122.67,6167.46,6110.02,6167.46,55–74，偏热
2025-05-13,59.36,6219.45,6220.44,6141.68,6151.01,55–74，偏热
2025-05-14,64.48,6144.25,6199.3,6111.11,6160.37,55–74，偏热
2025-05-15,52.2,6146.0,6146.0,6055.84,6057.04,45–54，中性
2025-05-16,57.88,6042.22,6098.88,6042.22,6068.12,55–74，偏热
2025-05-19,65.1,6073.2,6100.8,6009.95,6095.34,55–74，偏热
2025-05-20,67.63,6097.36,6154.95,6078.22,6146.02,55–74，偏热
2025-05-21,57.36,6137.1,6141.73,6109.92,6132.18,55–74，偏热
2025-05-22,35.06,6113.21,6146.2,6062.59,6066.1,25–44，偏冷
2025-05-23,36.82,6060.52,6099.23,5989.68,5989.68,25–44，偏冷
2025-05-26,48.79,5991.86,6038.81,5981.84,6028.79,45–54，中性
2025-05-27,45.3,6019.54,6023.14,5971.35,6008.46,45–54，中性
2025-05-28,38.22,6006.89,6023.82,5972.18,5984.46,25–44，偏冷
2025-05-29,51.72,5980.86,6091.96,5980.86,6089.58,45–54，中性
2025-05-30,35.47,6075.45,6075.45,6016.89,6026.56,25–44，偏冷
2025-06-03,48.79,6009.18,6086.62,6008.54,6070.04,45–54，中性
2025-06-04,50.4,6067.83,6124.7,6067.83,6123.17,45–54，中性
2025-06-05,53.06,6125.89,6174.85,6101.85,6167.01,45–54，中性
2025-06-06,49.08,6164.41,6169.57,6137.57,6152.84,45–54，中性
2025-06-09,60.58,6161.14,6226.38,6158.9,6218.96,55–74，偏热
2025-06-10,39.44,6220.04,6220.04,6098.09,6161.69,25–44，偏冷
2025-06-11,60.22,6162.16,6221.2,6162.16,6186.51,55–74，偏热
2025-06-12,59.91,6171.56,6202.73,6151.04,6192.22,55–74，偏热
2025-06-13,40.47,6174.43,6183.71,6088.57,6106.01,25–44，偏冷
2025-06-16,59.14,6089.96,6151.51,6089.96,6147.46,55–74，偏热
2025-06-17,51.14,6153.15,6171.17,6120.57,6141.47,45–54，中性
2025-06-18,48.92,6126.18,6143.21,6086.69,6135.39,45–54，中性
2025-06-19,43.49,6127.94,6146.64,6028.72,6048.22,25–44，偏冷
2025-06-20,46.96,6039.99,6061.84,5997.59,5999.59,45–54，中性
2025-06-23,61.59,5966.5,6083.53,5965.66,6078.22,55–74，偏热
2025-06-24,62.87,6082.74,6194.67,6082.74,6194.67,55–74，偏热
2025-06-25,66.5,6196.15,6282.11,6194.15,6276.16,55–74，偏热
2025-06-26,40.94,6272.44,6310.54,6244.78,6247.79,25–44，偏冷
2025-06-27,60.46,6265.92,6319.16,6257.59,6276.94,55–74，偏热
2025-06-30,65.42,6297.08,6358.03,6292.51,6356.18,55–74，偏热
2025-07-01,60.09,6358.06,6373.77,6308.06,6373.77,55–74，偏热
2025-07-02,41.48,6358.87,6358.87,6285.0,6309.48,25–44，偏冷
2025-07-03,58.74,6306.75,6349.14,6295.23,6342.64,55–74，偏热
2025-07-04,37.92,6338.56,6375.07,6292.14,6312.2,25–44，偏冷
2025-07-07,54.26,6305.04,6333.51,6303.86,6327.14,45–54，中性
2025-07-08,66.76,6321.55,6408.11,6318.52,6407.7,55–74，偏热
2025-07-09,56.34,6412.14,6431.09,6375.08,6390.47,55–74，偏热
2025-07-10,60.33,6385.21,6427.74,6367.66,6406.57,55–74，偏热
2025-07-11,62.74,6411.31,6487.44,6388.4,6461.1,55–74，偏热
2025-07-14,57.51,6465.51,6474.93,6443.56,6462.31,55–74，偏热
2025-07-15,52.07,6452.0,6472.53,6381.56,6442.83,45–54，中性
2025-07-16,53.89,6440.52,6487.83,6433.51,6462.06,45–54，中性
2025-07-17,61.89,6458.41,6535.67,6451.15,6535.67,55–74，偏热
2025-07-18,59.19,6546.36,6563.82,6521.5,6552.07,55–74，偏热
2025-07-21,69.24,6557.25,6614.61,6555.04,6612.26,55–74，偏热
2025-07-22,64.0,6607.83,6642.24,6597.05,6637.1,55–74，偏热
2025-07-23,37.1,6634.12,6667.86,6594.48,6607.22,25–44，偏冷
2025-07-24,69.69,6602.17,6701.12,6602.17,6701.12,55–74，偏热
2025-07-25,43.7,6708.08,6716.7,6674.54,6706.61,25–44，偏冷
2025-07-28,59.56,6713.82,6736.08,6679.21,6729.98,55–74，偏热
2025-07-29,57.82,6724.32,6773.88,6684.16,6773.88,55–74，偏热
2025-07-30,43.34,6758.33,6770.88,6662.91,6718.48,25–44，偏冷
2025-07-31,37.28,6701.16,6750.08,6639.12,6661.19,25–44，偏冷
2025-08-01,50.4,6665.64,6702.68,6625.93,6670.47,45–54，中性
2025-08-04,57.74,6637.84,6739.73,6631.12,6739.69,55–74，偏热
2025-08-05,57.8,6753.53,6787.48,6744.07,6787.48,55–74，偏热
2025-08-06,58.56,6784.17,6865.02,6774.03,6861.31,55–74，偏热
2025-08-07,44.04,6864.45,6876.5,6813.77,6862.15,25–44，偏冷
2025-08-08,46.77,6844.44,6865.84,6816.09,6838.13,45–54，中性
2025-08-11,66.67,6850.57,6957.4,6850.57,6943.94,55–74，偏热
2025-08-12,57.93,6943.67,6963.8,6894.85,6963.61,55–74，偏热
2025-08-13,66.05,6966.27,7070.5,6966.27,7064.33,55–74，偏热
2025-08-14,34.49,7072.9,7077.81,6957.4,6976.49,25–44，偏冷
2025-08-15,72.33,6956.51,7117.51,6956.51,7117.5,55–74，偏热
2025-08-18,73.93,7158.53,7267.98,7143.07,7237.6,55–74，偏热
2025-08-19,67.32,7231.93,7289.03,7193.59,7242.85,55–74，偏热
2025-08-20,66.92,7212.97,7305.46,7166.99,7305.46,55–74，偏热
2025-08-21,60.55,7318.76,7343.17,7215.34,7253.34,55–74，偏热
2025-08-22,70.83,7250.19,7362.94,7250.19,7362.94,55–74，偏热
2025-08-25,74.35,7418.35,7504.01,7405.94,7477.73,55–74，偏热
2025-08-26,70.69,7457.77,7526.17,7435.3,7476.47,55–74，偏热
2025-08-27,43.31,7488.93,7565.35,7336.5,7336.5,25–44，偏冷
2025-08-28,76.31,7331.19,7447.11,7216.77,7447.11,75–100，极热
2025-08-29,67.25,7449.86,7477.2,7380.83,7438.68,55–74，偏热
2025-09-01,76.55,7475.0,7502.59,7424.34,7501.15,75–100，极热
2025-09-02,46.13,7498.44,7499.6,7258.59,7313.88,45–54，中性
2025-09-03,46.47,7336.39,7361.03,7182.29,7206.88,45–54，中性
2025-09-04,49.61,7214.72,7255.0,6939.66,7041.15,45–54，中性
2025-09-05,83.35,7046.96,7248.58,7017.95,7245.67,75–100，极热
2025-09-08,78.4,7257.33,7321.16,7220.59,7311.03,75–100，极热
2025-09-09,62.01,7287.4,7315.97,7198.32,7226.03,55–74，偏热
2025-09-10,69.94,7214.23,7296.0,7179.76,7230.17,55–74，偏热
2025-09-11,84.75,7215.93,7399.89,7161.28,7399.89,75–100，极热
2025-09-12,64.69,7402.42,7472.87,7387.59,7422.88,55–74，偏热
2025-09-15,71.74,7445.5,7454.3,7404.5,7415.57,55–74，偏热
2025-09-16,84.87,7426.41,7487.07,7364.73,7483.63,75–100，极热
2025-09-17,80.01,7478.41,7564.82,7461.41,7554.81,75–100，极热
2025-09-18,57.86,7552.23,7665.97,7393.18,7476.4,55–74，偏热
2025-09-19,64.7,7473.02,7520.92,7405.29,7438.19,55–74，偏热
2025-09-22,69.04,7457.89,7489.48,7418.46,7489.48,55–74，偏热
2025-09-23,58.86,7500.62,7504.23,7261.67,7408.07,55–74，偏热
2025-09-24,78.38,7375.91,7534.22,7342.47,7534.22,75–100，极热
2025-09-25,67.05,7521.32,7563.08,7487.12,7506.51,55–74，偏热
2025-09-26,60.87,7476.94,7516.11,7396.58,7397.59,55–74，偏热
2025-09-29,74.87,7415.13,7517.12,7376.91,7497.83,55–74，偏热
2025-09-30,70.49,7525.62,7592.91,7524.92,7574.96,55–74，偏热
2025-10-09,72.55,7623.3,7671.17,7590.47,7648.05,55–74，偏热
2025-10-10,63.92,7608.29,7621.98,7513.17,7533.82,55–74，偏热
2025-10-13,61.72,7250.58,7535.21,7250.58,7519.76,55–74，偏热
2025-10-14,47.61,7580.39,7611.83,7342.6,7373.15,45–54，中性
2025-10-15,66.1,7384.01,7484.05,7315.48,7483.45,55–74，偏热
2025-10-16,51.0,7460.76,7472.75,7378.3,7401.84,45–54，中性
2025-10-17,34.01,7395.87,7426.21,7176.96,7185.48,25–44，偏冷
2025-10-20,55.4,7259.49,7301.99,7196.28,7239.18,55–74，偏热
2025-10-21,66.53,7257.11,7350.92,7236.63,7344.05,55–74，偏热
2025-10-22,51.0,7304.96,7349.8,7278.71,7312.21,45–54，中性
2025-10-23,54.58,7292.39,7319.55,7192.42,7308.1,45–54，中性
2025-10-24,58.18,7340.67,7419.41,7340.67,7419.24,55–74，偏热
2025-10-27,66.48,7483.3,7511.41,7430.62,7495.38,55–74，偏热
2025-10-28,62.44,7462.91,7534.05,7443.7,7479.22,55–74，偏热
2025-10-29,65.53,7481.24,7569.12,7469.07,7569.12,55–74，偏热
2025-10-30,50.97,7560.6,7569.16,7476.7,7485.08,45–54，中性
2025-10-31,56.51,7480.66,7583.03,7480.66,7506.67,55–74，偏热
2025-11-03,58.94,7507.37,7539.33,7417.27,7538.12,55–74，偏热
2025-11-04,44.0,7523.64,7523.64,7387.38,7435.73,25–44，偏冷
2025-11-05,55.9,7332.1,7490.9,7332.1,7464.86,55–74，偏热
2025-11-06,55.5,7482.91,7551.83,7466.75,7551.83,55–74，偏热
2025-11-07,51.86,7519.75,7581.56,7492.93,7541.88,45–54，中性
2025-11-10,59.62,7568.75,7592.76,7515.68,7563.25,55–74，偏热
2025-11-11,55.98,7579.91,7598.99,7530.14,7540.79,55–74，偏热
2025-11-12,48.24,7520.18,7537.76,7421.46,7486.38,45–54，中性
2025-11-13,70.63,7483.66,7604.89,7475.51,7590.58,55–74，偏热
2025-11-14,47.91,7527.83,7591.32,7502.76,7502.76,45–54，中性
2025-11-17,58.29,7514.84,7544.72,7487.81,7523.08,55–74，偏热
2025-11-18,44.9,7508.53,7521.66,7412.28,7448.1,25–44，偏冷
2025-11-19,43.09,7438.14,7471.73,7348.04,7387.21,25–44，偏冷
2025-11-20,38.64,7429.7,7439.04,7332.32,7340.41,25–44，偏冷
2025-11-21,22.17,7235.33,7274.33,7067.7,7067.7,0–24，极冷
2025-11-24,38.79,7105.64,7190.72,7064.6,7156.41,25–44，偏冷
2025-11-25,47.77,7195.1,7311.73,7194.77,7249.95,45–54，中性
2025-11-26,40.02,7236.66,7307.2,7225.09,7248.45,25–44，偏冷
2025-11-27,41.68,7243.71,7330.6,7243.71,7257.45,25–44，偏冷
2025-11-28,53.39,7257.17,7334.21,7239.85,7334.21,45–54，中性
2025-12-01,54.47,7356.51,7388.62,7342.6,7386.68,45–54，中性
2025-12-02,44.35,7364.2,7364.2,7299.27,7313.18,25–44，偏冷
2025-12-03,39.81,7312.67,7324.21,7220.98,7248.27,25–44，偏冷
2025-12-04,40.34,7246.86,7269.9,7185.91,7248.66,25–44，偏冷
2025-12-05,59.18,7244.28,7347.0,7194.66,7342.49,55–74，偏热
2025-12-08,60.24,7359.49,7446.19,7359.49,7423.05,55–74，偏热
2025-12-09,48.55,7400.93,7439.55,7370.3,7380.58,45–54，中性
2025-12-10,56.2,7367.49,7421.42,7332.05,7408.24,55–74，偏热
2025-12-11,40.26,7421.79,7425.44,7312.0,7312.0,25–44，偏冷
2025-12-12,51.23,7312.87,7384.85,7284.56,7370.94,45–54，中性
2025-12-15,47.62,7324.48,7375.61,7305.83,7309.08,45–54，中性
2025-12-16,37.09,7302.16,7302.16,7143.61,7181.62,25–44，偏冷
2025-12-17,52.57,7178.31,7303.38,7149.02,7288.74,45–54，中性
2025-12-18,50.76,7244.64,7336.73,7241.86,7272.4,45–54，中性
2025-12-19,59.76,7295.67,7357.04,7279.99,7329.81,55–74，偏热
2025-12-22,61.57,7363.06,7433.43,7363.06,7408.35,55–74，偏热
2025-12-23,54.41,7410.22,7441.41,7363.93,7392.42,45–54，中性
2025-12-24,69.39,7391.56,7513.25,7386.49,7506.38,55–74，偏热
2025-12-25,68.66,7507.3,7591.78,7502.15,7579.38,55–74，偏热
2025-12-26,64.22,7575.93,7644.84,7550.01,7605.53,55–74，偏热
2025-12-29,54.41,7606.44,7637.91,7574.77,7594.16,45–54，中性
2025-12-30,58.54,7556.54,7636.15,7552.4,7597.3,55–74，偏热
2025-12-31,53.85,7606.65,7619.22,7560.72,7595.28,45–54，中性
2026-01-05,76.7,7639.54,7753.96,7623.75,7753.88,75–100，极热
2026-01-06,77.56,7756.16,7864.9,7755.07,7864.9,75–100，极热
2026-01-07,70.61,7881.84,7939.75,7864.14,7906.42,55–74，偏热
2026-01-08,58.41,7886.81,7993.63,7886.63,7971.59,55–74，偏热
2026-01-09,78.64,7969.19,8131.49,7969.19,8129.18,75–100，极热
2026-01-12,80.16,8196.09,8371.75,8171.11,8357.01,75–100，极热
2026-01-13,44.55,8381.04,8381.04,8177.63,8203.13,25–44，偏冷
2026-01-14,71.86,8204.28,8415.1,8154.24,8257.17,55–74，偏热
2026-01-15,64.8,8197.06,8267.81,8151.11,8240.78,55–74，偏热
2026-01-16,49.04,8276.61,8304.4,8180.12,8232.73,45–54，中性
2026-01-19,64.62,8204.63,8298.48,8187.94,8265.65,55–74，偏热
2026-01-20,48.78,8271.78,8300.05,8104.92,8182.75,45–54，中性
2026-01-21,65.36,8138.68,8289.13,8136.92,8247.68,55–74，偏热
2026-01-22,70.41,8272.47,8314.22,8252.74,8309.35,55–74，偏热
2026-01-23,77.73,8331.77,8478.56,8323.35,8470.74,75–100，极热
2026-01-26,42.76,8513.22,8530.42,8302.1,8365.43,25–44，偏冷
2026-01-27,57.47,8325.43,8406.1,8186.24,8382.15,55–74，偏热
2026-01-28,54.23,8392.75,8432.62,8334.68,8399.79,45–54，中性
2026-01-29,40.6,8380.61,8463.12,8308.82,8332.21,25–44，偏冷
2026-01-30,38.56,8255.33,8313.23,8083.97,8254.86,25–44，偏冷
2026-02-02,36.78,8166.74,8221.58,7974.6,7975.43,25–44，偏冷
2026-02-03,60.03,8058.76,8210.05,8023.24,8209.1,55–74，偏热
2026-02-04,55.92,8184.2,8216.2,8101.2,8207.12,55–74，偏热
2026-02-05,41.91,8121.51,8154.56,8027.62,8068.08,25–44，偏冷
2026-02-06,46.71,7980.47,8152.32,7950.01,8051.57,45–54，中性
2026-02-09,58.21,8177.29,8235.15,8149.65,8233.78,55–74，偏热
2026-02-10,47.17,8246.22,8274.14,8199.51,8250.3,45–54，中性
2026-02-11,41.49,8239.17,8304.13,8236.96,8239.51,25–44，偏冷
2026-02-12,42.03,8252.19,8337.37,8227.6,8314.83,25–44，偏冷
2026-02-13,32.76,8272.88,8323.72,8200.15,8204.83,25–44，偏冷
2026-02-24,47.58,8319.69,8356.91,8236.71,8299.77,45–54，中性
2026-02-25,54.59,8320.61,8449.76,8310.33,8426.33,45–54，中性
2026-02-26,52.55,8447.78,8496.75,8398.07,8490.62,45–54，中性
2026-02-27,55.6,8434.1,8561.3,8433.72,8560.84,55–74，偏热
2026-03-02,36.05,8464.27,8535.81,8393.93,8476.97,25–44，偏冷
2026-03-03,21.1,8495.95,8510.85,8128.3,8142.45,0–24，极冷
2026-03-04,32.91,8039.59,8228.9,8039.59,8094.52,25–44，偏冷
2026-03-05,49.18,8235.37,8243.83,8121.38,8171.12,45–54，中性
2026-03-06,51.55,8120.49,8273.68,8115.48,8248.86,45–54，中性
2026-03-09,35.76,8131.74,8230.66,7983.57,8203.87,25–44，偏冷
2026-03-10,57.2,8272.94,8351.67,8271.49,8350.09,55–74，偏热
2026-03-11,51.92,8356.09,8394.12,8334.33,8363.53,45–54，中性
2026-03-12,47.45,8357.35,8388.63,8267.39,8335.91,45–54，中性
2026-03-13,39.78,8297.91,8350.92,8196.37,8214.29,25–44，偏冷
2026-03-16,50.49,8212.27,8226.03,8089.49,8211.35,45–54，中性
2026-03-17,35.33,8219.5,8223.99,8019.08,8019.86,25–44，偏冷
2026-03-18,50.4,8050.71,8105.81,7970.19,8096.59,45–54，中性
2026-03-19,32.04,7988.87,8008.39,7874.26,7909.23,25–44，偏冷
2026-03-20,28.69,7943.41,7996.16,7781.58,7783.43,25–44，偏冷
2026-03-23,16.91,7632.97,7712.04,7357.7,7409.11,0–24，极冷
2026-03-24,44.48,7538.7,7601.88,7361.79,7600.86,25–44，偏冷
2026-03-25,50.07,7654.78,7781.2,7654.78,7751.18,45–54，中性
2026-03-26,28.27,7733.7,7775.89,7614.89,7639.38,25–44，偏冷
2026-03-27,45.92,7526.59,7784.55,7526.59,7746.31,45–54，中性
2026-03-30,37.8,7664.64,7774.85,7618.96,7767.93,25–44，偏冷
2026-03-31,27.07,7741.96,7789.24,7618.19,7619.85,25–44，偏冷
2026-04-01,43.21,7767.88,7786.76,7692.01,7764.15,25–44，偏冷
2026-04-02,25.54,7733.75,7764.03,7581.39,7623.42,25–44，偏冷
2026-04-03,21.77,7658.82,7664.76,7521.94,7536.6,0–24，极冷
2026-04-07,38.48,7556.28,7640.51,7554.41,7606.02,25–44，偏冷
2026-04-08,55.27,7765.55,7955.77,7765.2,7955.77,55–74，偏热
2026-04-09,35.82,7881.8,7959.07,7872.47,7921.45,25–44，偏冷
2026-04-10,52.1,7981.62,8059.76,7981.62,7998.23,45–54，中性
2026-04-13,55.95,7947.22,8040.03,7947.22,8025.57,55–74，偏热
2026-04-14,64.71,8088.05,8144.76,8059.38,8144.76,55–74，偏热
2026-04-15,54.3,8186.07,8193.3,8083.27,8106.16,45–54，中性
2026-04-16,72.19,8120.36,8239.01,8100.49,8232.98,55–74，偏热
2026-04-17,65.11,8225.73,8333.22,8223.71,8307.44,55–74，偏热
2026-04-20,71.35,8308.06,8374.81,8308.06,8357.81,55–74，偏热
2026-04-21,65.45,8331.59,8358.12,8270.16,8351.16,55–74，偏热
2026-04-22,69.52,8317.28,8482.15,8317.28,8481.24,55–74，偏热
2026-04-23,59.46,8489.0,8500.44,8302.85,8362.74,55–74，偏热
2026-04-24,61.1,8318.6,8360.79,8254.43,8304.14,55–74，偏热
2026-04-27,66.5,8292.81,8366.31,8249.94,8338.73,55–74，偏热
2026-04-28,55.15,8307.69,8316.27,8187.24,8226.69,55–74，偏热
2026-04-29,70.88,8163.35,8361.49,8163.35,8343.07,55–74，偏热
2026-04-30,64.17,8345.25,8402.36,8324.29,8381.95,55–74，偏热
2026-05-06,61.97,8462.02,8610.88,8462.02,8574.56,55–74，偏热
2026-05-07,76.51,8602.15,8716.86,8573.3,8714.51,75–100，极热
2026-05-08,64.84,8655.13,8760.19,8651.06,8741.15,55–74，偏热
2026-05-11,79.22,8807.91,8888.87,8760.71,8866.78,75–100，极热
2026-05-12,56.33,8880.41,8881.9,8749.72,8821.89,55–74，偏热
2026-05-13,77.42,8764.02,8958.46,8764.02,8955.45,75–100，极热
2026-05-14,51.87,8989.49,8991.85,8778.71,8778.71,45–54，中性
2026-05-15,53.51,8786.38,8846.52,8616.06,8682.65,45–54，中性
2026-05-18,59.23,8645.76,8766.31,8610.74,8720.21,55–74，偏热
2026-05-19,66.79,8691.38,8812.03,8602.05,8808.64,55–74，偏热
2026-05-20,55.89,8769.1,8823.68,8697.4,8808.91,55–74，偏热
2026-05-21,40.13,8852.43,8896.6,8500.92,8510.5,25–44，偏冷
2026-05-22,58.32,8578.9,8719.39,8521.7,8692.67,55–74，偏热
2026-05-25,64.42,8756.46,8802.95,8670.72,8799.31,55–74，偏热
2026-05-26,57.63,8755.91,8756.46,8560.8,8687.25,55–74，偏热
2026-05-27,49.34,8679.54,8737.05,8495.72,8546.51,45–54，中性
2026-05-28,67.27,8527.91,8659.61,8459.95,8637.74,55–74，偏热
2026-05-29,44.46,8673.8,8680.27,8357.8,8408.74,25–44，偏冷
2026-06-01,58.32,8393.52,8504.98,8339.35,8345.13,55–74，偏热
2026-06-02,54.28,8360.81,8440.23,8219.15,8384.78,45–54，中性
2026-06-03,63.54,8386.86,8549.25,8357.46,8432.68,55–74，偏热
2026-06-04,46.56,8338.85,8456.02,8338.85,8420.09,45–54，中性
2026-06-05,47.32,8380.85,8500.1,8305.4,8340.96,45–54，中性
2026-06-08,29.67,8069.48,8260.19,7987.4,8081.26,25–44，偏冷
2026-06-09,55.95,8178.82,8322.11,8096.58,8318.7,55–74，偏热
2026-06-10,29.4,8232.02,8285.29,8103.01,8198.72,25–44，偏冷
2026-06-11,29.34,8158.46,8223.53,8084.9,8159.45,25–44，偏冷
2026-06-12,53.74,8294.9,8348.79,8181.42,8202.8,45–54，中性
2026-06-15,61.45,8269.4,8521.23,8269.4,8521.23,55–74，偏热
2026-06-16,63.44,8534.27,8684.65,8508.91,8646.4,55–74，偏热
2026-06-17,58.62,8581.65,8705.4,8581.65,8704.47,55–74，偏热
2026-06-18,64.82,8666.64,8796.48,8664.28,8771.02,55–74，偏热
2026-06-22,74.44,8813.72,8865.81,8609.61,8865.68,55–74，偏热
2026-06-23,47.51,8838.76,8862.72,8626.1,8680.04,45–54，中性
2026-06-24,60.28,8650.82,8803.5,8581.75,8793.49,55–74，偏热
2026-06-25,63.48,8806.07,8872.12,8743.25,8825.92,55–74，偏热
2026-06-26,40.39,8771.6,8797.28,8563.7,8601.41,25–44，偏冷
2026-06-29,46.22,8616.42,8677.63,8413.86,8597.89,45–54，中性
2026-06-30,71.18,8574.25,8815.11,8547.31,8809.79,55–74，偏热
2026-07-01,64.08,8827.47,8944.19,8806.65,8876.63,55–74，偏热
2026-07-02,45.64,8688.29,8865.97,8598.87,8625.33,45–54，中性
2026-07-03,64.46,8627.38,8740.67,8559.28,8620.79,55–74，偏热
2026-07-06,44.6,8669.12,8694.8,8432.9,8472.6,25–44，偏冷
2026-07-07,36.71,8436.39,8489.48,8261.4,8301.8,25–44，偏冷
2026-07-08,45.81,8315.96,8328.96,8117.86,8117.86,45–54，中性
2026-07-09,51.51,8161.86,8312.62,7978.81,8300.08,45–54，中性
2026-07-10,53.65,8312.49,8438.19,8198.31,8198.31,45–54，中性
2026-07-13,23.09,8124.36,8171.5,7769.29,7787.85,0–24，极冷
2026-07-14,44.35,7799.81,7934.1,7657.67,7925.12,25–44，偏冷
2026-07-15,29.51,7959.37,7979.08,7783.22,7817.83,25–44，偏冷
2026-07-16,24.25,7713.14,7836.39,7591.42,7631.76,0–24，极冷
2026-07-17,9.39,7599.39,7605.61,7163.31,7168.0,0–24，极冷
2026-07-20,10.15,7256.27,7298.12,6824.14,6965.38,0–24，极冷
2026-07-21,34.09,6975.89,7264.34,6714.19,7259.86,25–44，偏冷
2026-07-22,19.9,7196.86,7302.45,7118.66,7158.76,0–24，极冷
2026-07-23,35.37,7169.54,7247.14,7113.5,7195.5,25–44，偏冷
2026-07-24,16.63,7109.25,7174.55,6995.69,6995.69,0–24，极冷
2026-07-28,20.97,7135.73,7189.18,6992.94,7026.28,0–24，极冷
2026-07-29,33.97,7020.22,7132.35,6897.39,7095.19,25–44，偏冷
2026-07-30,19.53,7053.09,7121.52,6841.75,6900.66,0–24，极冷
2026-07-31,41.67,7082.75,7218.06,7071.05,7075.51,25–44，偏冷
2026-08-03,33.69,7055.27,7118.1,7042.89,7079.78,25–44，偏冷
2026-08-04,36.59,7128.49,7307.17,7102.46,7279.19,25–44，偏冷
2026-08-05,40.26,7253.22,7523.5,7253.22,7493.05,25–44，偏冷
2026-08-06,31.08,7440.01,7564.69,7434.49,7530.43,25–44，偏冷
2026-08-07,38.9,7534.24,7685.57,7448.46,7679.53,25–44，偏冷
2026-08-10,43.29,7723.38,7736.1,7621.65,7733.9,25–44，偏冷
2026-08-11,33.64,7686.04,7789.21,7642.44,7698.05,25–44，偏冷
2026-08-12,50.99,7704.96,7805.27,7692.44,7793.72,45–54，中性
2026-08-13,41.94,7847.24,7880.22,7714.37,7715.89,25–44，偏冷
2026-08-14,37.25,7750.99,7784.38,7673.44,7769.82,25–44，偏冷
2026-08-17,64.24,7797.18,7968.38,7750.43,7968.38,55–74，偏热
2026-08-18,53.95,7969.37,7995.5,7842.25,7945.96,45–54，中性
2026-08-19,31.49,7795.26,7821.18,7490.21,7517.77,25–44，偏冷
2026-08-20,41.29,7602.5,7656.61,7541.48,7589.78,25–44，偏冷
2026-08-21,41.8,7555.55,7634.08,7472.49,7601.8,25–44，偏冷
2026-08-24,32.44,7614.89,7633.34,7377.72,7491.49,25–44，偏冷
2026-08-25,48.7,7420.77,7556.07,7347.95,7527.5,45–54，中性
2026-08-26,43.39,7536.37,7601.84,7467.41,7544.67,25–44，偏冷
2026-08-27,56.94,7551.44,7734.31,7531.78,7732.95,55–74，偏热
2026-08-28,56.93,7734.19,7802.55,7702.18,7705.03,55–74，偏热
2026-08-31,57.79,7607.23,7771.55,7604.95,7770.42,55–74，偏热
2026-09-01,53.1,7773.06,7773.06,7667.33,7691.37,45–54，中性
2026-09-02,46.33,7616.23,7624.71,7539.08,7583.76,45–54，中性
2026-09-03,41.0,7629.65,7657.75,7531.67,7600.1,25–44，偏冷
2026-09-04,36.19,7655.97,7717.93,7464.98,7508.09,25–44，偏冷
2026-09-07,47.35,7551.02,7669.84,7541.14,7639.36,45–54，中性
2026-09-08,43.01,7650.06,7724.94,7622.9,7659.61,25–44，偏冷
2026-09-09,39.31,7676.86,7715.08,7602.5,7648.8,25–44，偏冷
2026-09-10,34.82,7611.52,7641.86,7564.67,7587.75,25–44，偏冷
2026-09-11,27.61,7504.66,7506.24,7284.53,7427.24,25–44，偏冷
2026-09-14,37.56,7363.42,7501.14,7329.6,7468.3,25–44，偏冷
2026-09-15,28.17,7453.47,7524.61,7426.9,7437.7,25–44，偏冷
2026-09-16,47.7,7437.82,7607.89,7402.37,7587.43,45–54，中性
2026-09-17,43.72,7555.79,7632.53,7522.77,7548.82,25–44，偏冷
2026-09-18,54.55,7621.24,7706.9,7603.37,7687.59,45–54，中性
