horizon_trading_days,fear_band,sample_count_screenshot_join,mean_forward_return_screenshot_join,mean_interval_max_drawdown_screenshot_join,sample_count_official_calendar,mean_forward_return_official_calendar,mean_interval_max_drawdown_official_calendar,return_difference_percentage_points,drawdown_difference_percentage_points
5,0–24，极冷,29,0.020037073194257394,-0.036596012220617334,29,0.0227100789228771,-0.036578271907712664,0.2673005728619705,0.0017740312904669653
5,25–44，偏冷,326,0.002937947493338594,-0.023257135975942957,326,0.0028331323790745395,-0.023306555285669356,-0.010481511426405467,-0.004941930972639924
5,45–54，中性,263,-0.0035107361183500433,-0.024374127657544497,263,-0.0035107361183500433,-0.024374127657544497,0.0,0.0
5,55–74，偏热,326,0.0023689678859384884,-0.02077506292821175,326,0.0023689678859384884,-0.02077506292821175,0.0,0.0
5,75–100，极热,61,0.0006841573888397967,-0.031549093657058436,61,0.0006841573888397967,-0.031549093657058436,0.0,0.0
10,0–24，极冷,29,0.04215293466394071,-0.0499493350062855,29,0.04162793141444574,-0.05053082777806885,-0.05250032494949694,-0.05814927717833554
10,25–44，偏冷,322,0.006141928822635146,-0.03971020656193173,322,0.006035948895916479,-0.03974714199333929,-0.010597992671866705,-0.003693543140756428
10,45–54，中性,262,-0.007293488317627313,-0.042371812986776246,262,-0.007293488317627313,-0.042371812986776246,0.0,0.0
10,55–74，偏热,326,0.0017459665110251738,-0.036531990770051065,326,0.0017459665110251738,-0.036531990770051065,0.0,0.0
10,75–100，极热,61,0.009293729770261556,-0.04572199707672123,61,0.009293729770261556,-0.04572199707672123,0.0,0.0
20,0–24，极冷,29,0.08938137653639756,-0.06587099102302355,29,0.08946247148822908,-0.065757265661463,0.008109495183152016,0.011372536156054047
20,25–44，偏冷,318,0.009559699076031746,-0.06413637500081276,318,0.009580211972120438,-0.0641012838757469,0.0020512896088691404,0.003509112506586143
20,45–54，中性,259,-0.005092120273066318,-0.0647872083777883,259,-0.005191960299480947,-0.0647872083777883,-0.009984002641462864,0.0
20,55–74，偏热,323,-0.0009207520055063678,-0.06278663150429342,323,-0.0008771264951762598,-0.06276356925418115,0.0043625510330107965,0.002306225011226848
20,75–100，极热,61,0.004382439206747993,-0.06853119798520324,61,0.004382439206747993,-0.06853119798520324,0.0,0.0
