episode_id,start_date,end_date,scored_trading_days,minimum_score,end_date_prior_20d_return,end_date_drawdown_from_60d_high
1,2022-08-02,2022-08-02,1,23.52,-0.011088686753837451,-0.030982737850691833
2,2022-10-10,2022-10-10,1,24.29,-0.1169174968237362,-0.18594180187827147
3,2022-10-28,2022-10-28,1,18.97,-0.019446295225404198,-0.15119622822195367
4,2024-01-22,2024-01-22,1,16.69,-0.12784993137318168,-0.2002868894404216
5,2024-01-29,2024-02-05,6,5.47,-0.22557665908430846,-0.31346909142082235
6,2024-08-05,2024-08-05,1,19.03,-0.003233943195084854,-0.16402288458720904
7,2024-09-02,2024-09-02,1,24.47,-0.03126242311029792,-0.13290736046678464
8,2025-01-03,2025-01-03,1,21.13,-0.10506395570828564,-0.1449762198263873
9,2025-01-10,2025-01-10,1,22.68,-0.1456407016786977,-0.1571801836446517
10,2025-04-07,2025-04-07,1,9.04,-0.15540216602947876,-0.168708682638806
11,2025-04-16,2025-04-16,1,21.91,-0.117451334179279,-0.117451334179279
12,2025-04-28,2025-04-28,1,21.58,-0.06241863848686724,-0.11114303992933983
13,2025-11-21,2025-11-21,1,22.17,-0.04738221165510215,-0.0758820875909546
14,2026-03-03,2026-03-03,1,21.1,-0.02665493584908374,-0.04887254054508672
15,2026-03-23,2026-03-23,1,16.91,-0.09698189968591675,-0.1345346951934624
16,2026-04-03,2026-04-03,1,21.77,-0.08634647696772646,-0.11964246499175313
17,2026-07-13,2026-07-13,1,23.09,-0.050586385136782486,-0.13037870793762463
18,2026-07-16,2026-07-20,3,9.39,-0.21434340061901624,-0.2222188723068076
19,2026-07-22,2026-07-22,1,19.9,-0.18590229817740167,-0.20062531754406543
20,2026-07-24,2026-07-24,1,16.63,-0.18668102090238692,-0.21883434109955402
21,2026-07-28,2026-07-28,1,20.97,-0.2024463693232189,-0.21541854401509708
22,2026-07-30,2026-07-30,1,19.53,-0.19995408871312748,-0.2294457564946486
