date,fear_greed_index,fear_band,im_valuation_score,overlay_held_eod,overlay_buy,overlay_sell,im_entry_zone,grid_state_available,grid_held
2022-08-02,23.52,0–24，极冷,2.01399281734938,0.0,0.0,0.0,False,True,False
2022-10-10,24.29,0–24，极冷,1.54,0.0,0.0,0.0,True,True,False
2022-10-28,18.97,0–24，极冷,1.6799999999999995,0.5,0.0,0.0,False,True,True
2024-01-22,16.69,0–24，极冷,1.3012516129032254,0.5,0.0,0.0,True,True,True
2024-01-29,20.19,0–24，极冷,1.4153862640038968,0.5,0.0,0.0,True,True,True
2024-01-30,17.08,0–24，极冷,1.2937699097291877,0.5,0.0,0.0,True,True,True
2024-01-31,11.16,0–24，极冷,1.1551946611197716,0.5,0.0,0.0,True,True,True
2024-02-01,19.28,0–24，极冷,1.1368496513249653,0.5,0.0,0.0,True,True,True
2024-02-02,7.5,0–24，极冷,1.0028971996386562,0.5,0.0,0.0,True,True,True
2024-02-05,5.47,0–24，极冷,0.7775033639143735,0.5,0.0,0.0,True,True,True
2024-08-05,19.03,0–24，极冷,1.0631571020339547,0.5,0.0,0.0,True,True,True
2024-09-02,24.47,0–24，极冷,1.0046359027064062,0.5,0.0,0.0,True,True,True
2025-01-03,21.13,0–24，极冷,1.2325205673758866,0.5,0.0,0.0,True,True,True
2025-01-10,22.68,0–24，极冷,1.209430381569474,0.5,0.0,0.0,True,True,True
2025-04-07,9.04,0–24，极冷,1.204360322952711,0.5,0.0,0.0,True,True,True
2025-04-16,21.91,0–24，极冷,1.3918999729656665,0.5,0.0,0.0,True,True,True
2025-04-28,21.58,0–24，极冷,1.418260849752044,0.5,0.0,0.0,True,True,True
2025-11-21,22.17,0–24，极冷,1.80719501164049,0.5,0.0,0.0,False,True,True
2026-03-03,21.1,0–24，极冷,2.16,0.0,0.0,0.0,False,True,False
2026-03-23,16.91,0–24，极冷,1.81566070003294,0.0,0.0,0.0,False,True,False
2026-04-03,21.77,0–24，极冷,1.92,0.0,0.0,0.0,False,True,False
2026-07-13,23.09,0–24，极冷,2.0776857788148395,0.0,0.0,0.0,False,True,False
2026-07-16,24.25,0–24，极冷,2.08494493528011,0.0,0.0,0.0,False,True,False
2026-07-17,9.39,0–24，极冷,1.980192544146501,0.0,0.0,0.0,False,True,False
2026-07-20,10.15,0–24，极冷,1.9211294763986992,0.0,0.0,0.0,False,True,False
2026-07-22,19.9,0–24，极冷,1.9601508771929823,0.0,0.0,0.0,False,True,False
2026-07-24,16.63,0–24，极冷,1.91349442578912,0.0,0.0,0.0,False,True,False
2026-07-28,20.97,0–24，极冷,1.9090372218476064,0.0,0.0,0.0,False,True,False
2026-07-30,19.53,0–24，极冷,1.8625128240264928,0.0,0.0,0.0,False,True,False
