horizon_trading_days,fear_band,sample_count,mean_forward_return,mean_interval_max_drawdown
5,0–24，极冷,29,0.0227100789228771,-0.036578271907712664
5,25–44，偏冷,326,0.0028331323790745395,-0.023306555285669356
5,45–54，中性,263,-0.0035107361183500433,-0.024374127657544497
5,55–74，偏热,326,0.0023689678859384884,-0.02077506292821175
5,75–100，极热,61,0.0006841573888397967,-0.031549093657058436
10,0–24，极冷,29,0.04162793141444574,-0.05053082777806885
10,25–44，偏冷,322,0.006035948895916479,-0.03974714199333929
10,45–54，中性,262,-0.007293488317627313,-0.042371812986776246
10,55–74，偏热,326,0.0017459665110251738,-0.036531990770051065
10,75–100，极热,61,0.009293729770261556,-0.04572199707672123
20,0–24，极冷,29,0.08946247148822908,-0.065757265661463
20,25–44，偏冷,318,0.009580211972120438,-0.0641012838757469
20,45–54，中性,259,-0.005191960299480947,-0.0647872083777883
20,55–74，偏热,323,-0.0008771264951762598,-0.06276356925418115
20,75–100，极热,61,0.004382439206747993,-0.06853119798520324
