date,ret_independent,ret_scaled,daily_return_delta
2022-07-22,-2.8061584614431993e-05,-2.8061584614431996e-05,3.3881317890172014e-21
2022-07-25,-0.0014896498682668371,-0.0014896498682668,-3.707971429900425e-17
2022-07-26,0.00031520065015110403,0.0003152006501511,4.0115480381963664e-18
2022-07-27,0.003859736105810347,0.0038597361058105,-1.5308934675495323e-16
2022-07-28,0.0010374661461067581,0.0010374661461067,5.811323644522304e-17
2022-07-29,-0.0014609464745887423,-0.0014609464745887,-4.228388472693467e-17
2022-08-01,0.002906399082261957,0.0029063990822619,5.681219383824043e-17
2022-08-02,-0.010741806569748458,-0.0107418065697484,-5.724587470723463e-17
2022-08-03,-0.0008736760597588654,-0.0008736760597589,3.458604930228759e-17
2022-08-04,-0.0037857456773053087,-0.0037857456773053,-8.673617379884035e-18
2022-08-05,0.005729799197097217,0.0057297991970972,1.6479873021779667e-17
2022-08-08,0.004501788613918871,0.0045017886139188,7.112366251504909e-17
2022-08-09,0.002303447849071083,0.002303447849071,8.326672684688674e-17
2022-08-10,0.00036527899428582253,0.0003652789942858,2.2551405187698492e-17
2022-08-11,0.008509643615394169,0.0085096436153941,6.938893903907228e-17
2022-08-12,-0.003321279395791987,-0.0033212793957919,-8.716985466783456e-17
2022-08-15,0.004679954565155642,0.0046799545651556,4.163336342344337e-17
2022-08-16,0.0060305593941322845,0.0060305593941322,8.413408858487514e-17
2022-08-17,0.0028471147897847883,0.0028471147897847,8.847089727481716e-17
2022-08-18,0.0036585138118383044,0.0036585138118383,4.336808689942018e-18
2022-08-19,-0.010003000216719527,-0.0100030002167195,-2.7755575615628914e-17
2022-08-22,0.0035555252921545934,0.0035555252921548,-2.0643209364124004e-16
2022-08-23,-0.0011764986209102572,-0.0011764986209102,-5.724587470723463e-17
2022-08-24,-0.01330666923915676,-0.0133066692391567,-6.071532165918825e-17
2022-08-25,-0.006640481589935483,-0.0058021368323562,-0.0008383447575792827
2022-08-26,-0.0005484596334315986,0.0013714932614952,-0.0019199528949267984
2022-08-29,0.0016083240767928533,0.0016083240767928,5.334274688628682e-17
2022-08-30,-0.0010325645403566786,-0.0010325645403566,-7.849623728795052e-17
2022-08-31,-0.0018598957422481396,-0.0018598957422481,-3.946495907847236e-17
2022-09-01,-0.0013021579155209884,-0.0013021579155209,-8.847089727481716e-17
2022-09-02,-0.0006462151416334826,-0.0006462151416334,-8.261620554339544e-17
2022-09-05,-0.0046770338292666715,-0.0046770338292666,-7.112366251504909e-17
2022-09-06,0.003710990557952938,0.0037109905579529,3.8163916471489756e-17
2022-09-07,0.0023694884445623955,0.0023694884445626,-2.0469737016526324e-16
2022-09-08,-0.0029503944770259637,-0.0029503944770259,-6.375108774214766e-17
2022-09-09,0.002615852202369795,0.0026158522023697,9.497611030973019e-17
2022-09-13,-0.0015066129338024092,-0.0015066129338024,-9.107298248878237e-18
2022-09-14,-0.004662196605145464,-0.0046621966051454,-6.331740687315346e-17
2022-09-15,-0.01889207831475537,-0.0188920783147553,-6.938893903907228e-17
2022-09-16,0.0026780918893906432,0.0026780918893906,4.336808689942018e-17
2022-09-19,-0.0018383736825718692,-0.0018383736825718,-6.917209860457518e-17
2022-09-20,0.002160139519056876,0.0021601395190568,7.632783294297951e-17
2022-09-21,0.0017676917879639515,0.0017676917879641,-1.485356976305141e-16
2022-09-22,0.0002988341191838406,0.000298834119184,-1.5943192946399343e-16
2022-09-23,-0.0035618501665402916,-0.0035618501665402,-9.150666335777657e-17
2022-09-26,-0.0005362000682723493,-0.0005362000682723,-4.92227786308419e-17
2022-09-27,-0.0003737597221792566,-0.0003737597221792,-5.659535340374333e-17
2022-09-28,-0.00035958772246443254,-0.0003595877224644,-3.252606517456513e-17
2022-09-29,-0.003726656013703453,-0.0037266560137034,-5.2909066017292616e-17
2022-09-30,0.0015744970115829308,0.0015744970115827,2.3071822230491534e-16
2022-10-10,-0.0033206260966023296,-0.0033206260966023,-2.949029909160572e-17
2022-10-11,0.0001526273236599819,0.0001526273236599,8.188436907696772e-17
2022-10-12,0.020115799440985637,0.0201157994409856,3.8163916471489756e-17
2022-10-13,0.020874991388839758,0.0208749913888397,5.898059818321144e-17
2022-10-14,0.027751484726808842,0.0277514847268088,4.163336342344337e-17
2022-10-17,0.009319789256232903,0.0093197892562331,-1.960237527853792e-16
2022-10-18,0.005889626424185913,0.0058896264241859,1.3010426069826053e-17
2022-10-19,-0.004198744237417072,-0.004198744237417,-7.19910242530375e-17
2022-10-20,-0.005966846490622088,-0.005966846490622,-8.760353553682876e-17
2022-10-21,-0.0010279438385375893,-0.0010279438385375,-8.933825901280557e-17
2022-10-24,-0.00851312774219341,-0.0085131277421934,-1.0408340855860843e-17
2022-10-25,0.0024290461052793267,0.0024290461052793,2.688821387764051e-17
2022-10-26,0.030821328761672692,0.0308213287616726,9.367506770274758e-17
2022-10-27,0.0031115434401352386,0.0031115434401352,3.859759734048396e-17
2022-10-28,-0.06268790159192834,-0.0626879015919283,-4.163336342344337e-17
2022-10-31,0.006570563338847713,0.0065705633388477,1.3010426069826053e-17
2022-11-01,0.04945692247054528,0.0494569224705452,7.632783294297951e-17
2022-11-02,0.0305567408071806,0.0305567408071806,0.0
2022-11-03,0.011530102017373887,0.0115301020173738,8.673617379884035e-17
2022-11-04,0.047931835138531755,0.0479318351385317,5.551115123125783e-17
2022-11-07,-0.003805398622690203,-0.0038053986226902,-3.0357660829594124e-18
2022-11-08,-0.008190461658037574,-0.0081904616580375,-7.28583859910259e-17
2022-11-09,-0.0010365377019888107,-0.0010365377019888,-1.0842021724855044e-17
2022-11-10,-0.01349628498853177,-0.0134962849885317,-6.938893903907228e-17
2022-11-11,0.02003924776032992,0.0200392477603299,2.0816681711721685e-17
2022-11-14,-0.02845066158117637,-0.0284506615811763,-6.938893903907228e-17
2022-11-15,0.04433507731918304,0.044335077319183,4.163336342344337e-17
2022-11-16,-0.009975299906821822,-0.0099752999068218,-2.2551405187698492e-17
2022-11-17,-0.00295658368255336,-0.0029565836825533,-5.984795992119984e-17
2022-11-18,0.0028366014706708116,0.0028366014706708,1.1709383462843448e-17
2022-11-21,0.006404463907539953,0.0064044639075399,5.2909066017292616e-17
2022-11-22,-0.030652030109720684,-0.0306520301097206,-8.326672684688674e-17
2022-11-23,0.0005273964539686741,0.0005273964539686,7.41594285980085e-17
2022-11-24,0.005663965388830379,0.0056639653888303,7.892991815694472e-17
2022-11-25,-0.01421677312718843,-0.0142167731271884,-2.949029909160572e-17
2022-11-28,-0.004630648216656581,-0.0046306482166565,-8.066464163292153e-17
2022-11-29,0.02715576696767876,0.0271557669676787,6.245004513516506e-17
2022-11-30,-0.0057134231036462734,-0.0057134231036462,-7.37257477290143e-17
2022-12-01,0.022882382808245914,0.0228823828082459,1.3877787807814457e-17
2022-12-02,0.00397164563719996,0.0039716456371999,5.984795992119984e-17
2022-12-05,0.0013607200259189971,0.0013607200259189,9.71445146547012e-17
2022-12-06,-0.0017466791847360837,-0.001746679184736,-8.370040771588094e-17
2022-12-07,0.0007183576897134006,0.0007183576897134,6.505213034913027e-19
2022-12-08,-0.008176276213195546,-0.0081762762131955,-4.5102810375396984e-17
2022-12-09,0.0056520296316244206,0.0056520296316244,2.0816681711721685e-17
2022-12-12,-0.002515442264065206,-0.0025154422640652,-6.071532165918825e-18
2022-12-13,-0.013464543598206813,-0.0134645435982068,-1.214306433183765e-17
2022-12-14,-0.00714883118885526,-0.0071488311888552,-5.984795992119984e-17
2022-12-15,0.005564504797254827,0.0055645047972548,2.688821387764051e-17
2022-12-16,-0.01923988382874289,-0.0192398838287428,-9.020562075079397e-17
2022-12-19,-0.021970584175399967,-0.0219705841753999,-6.591949208711867e-17
2022-12-20,-0.008142998276372257,-0.0081429982763722,-5.724587470723463e-17
2022-12-21,-0.013199881853593314,-0.0131998818535933,-1.3877787807814457e-17
2022-12-22,-0.016173171597801333,-0.0161731715978013,-3.122502256758253e-17
2022-12-23,-0.00937392116127241,-0.0093739211612724,-1.0408340855860843e-17
2022-12-26,0.02500018334633552,0.0250001833463357,-1.7694179454963432e-16
2022-12-27,0.0076004026963470235,0.007600402696347,2.3418766925686896e-17
2022-12-28,-0.009772675366080919,-0.0097726753660809,-1.9081958235744878e-17
2022-12-29,0.0007542977342243045,0.0007542977342243,4.553649124439119e-18
2022-12-30,-0.0002484454877603492,-0.0002484454877603,-4.92227786308419e-17
2023-01-03,0.027590379507179155,0.0275903795071791,5.551115123125783e-17
2023-01-04,-0.004395647071082354,-0.0043956470710823,-5.4643789493269423e-17
2023-01-05,0.015518381405554149,0.0155183814055541,4.85722573273506e-17
2023-01-06,0.002746845027436314,0.0027468450274363,1.3877787807814457e-17
2023-01-09,0.007011325556175068,0.007011325556175,6.852157730108388e-17
2023-01-10,0.001028292941280958,0.0010282929412809,5.789639601072594e-17
2023-01-11,-0.00803931332477589,-0.008039313324776,1.1102230246251565e-16
2023-01-12,0.00020183719348587246,0.0002018371934858,7.245181017634383e-17
2023-01-13,0.0019096149826005448,0.0019096149826005,4.4885969940899884e-17
2023-01-16,0.017328476866385358,0.0173284768663855,-1.4224732503009818e-16
2023-01-17,0.002033142690821808,0.002033416864429,-2.741736071917508e-07
2023-01-18,0.00175411245232719,0.0019356273844776,-0.00018151493215041005
2023-01-19,0.011428375785766574,0.0114283757857665,7.45931094670027e-17
2023-01-20,0.009808153463263223,0.0098081534632632,2.2551405187698492e-17
2023-01-30,0.006691341976495527,0.0066913419764955,2.688821387764051e-17
2023-01-31,0.004992055163116798,0.0042642263832921,0.0007278287798246985
2023-02-01,0.02168711820506559,0.0216871182050655,9.020562075079397e-17
2023-02-02,0.006296766203677491,0.0062967662036777,-2.0903417885520525e-16
2023-02-03,-0.004469555195611827,-0.0044695551956119,7.28583859910259e-17
2023-02-06,-0.0077241509761381884,-0.0077241509761382,1.1275702593849246e-17
2023-02-07,0.0028430080843026414,0.0028430080843026,4.163336342344337e-17
2023-02-08,-0.00654059909398575,-0.0065405990939857,-5.0306980803327406e-17
2023-02-09,0.03093314287711276,0.0309331428771129,-1.3877787807814457e-16
2023-02-10,-0.003643479704700997,-0.0036434797047011,1.0278236595162582e-16
2023-02-13,0.0061362870368441395,0.0061362870368441,3.9898639947466563e-17
2023-02-14,0.0003935312853919898,0.0003935312853919,8.977193988179977e-17
2023-02-15,0.0002795031027693598,0.0002795031027693,5.979374981257557e-17
2023-02-16,-0.00639154376306642,-0.0063915437630665,7.979727989493313e-17
2023-02-17,-0.007095668536473889,-0.0070956685364738,-8.933825901280557e-17
2023-02-20,0.0015767540483040646,0.001576754048304,6.461844948013606e-17
2023-02-21,-6.288259285135306e-05,-0.0007786903662753,0.0007158077734239469
2023-02-22,0.0014263227592501585,0.0014263227592503,-1.4159680372660688e-16
2023-02-23,-0.002380440663654276,-0.0023804406636542,-7.589415207398531e-17
2023-02-24,-0.00030604601158903326,-0.000306046011589,-3.323079658668071e-17
2023-02-27,-0.0020193306121339587,-0.002019330612134,4.119968255444917e-17
2023-02-28,0.002086755780568019,0.0020867557805682,-1.8084492237058214e-16
2023-03-01,0.0027858780067527436,0.0027858780067529,-1.5655879370690684e-16
2023-03-02,-0.001127206942013444,-0.0011272069420134,-4.401860820291148e-17
2023-03-03,-0.000670721468525243,-0.0006707214685252,-4.3042826247674526e-17
2023-03-06,0.0002283062527881098,0.0002283062527881,9.784924606681678e-18
2023-03-07,-0.003321780280471387,-0.0033217802804713,-8.673617379884035e-17
2023-03-08,-6.04549183717218e-05,-6.04549183717218e-05,0.0
2023-03-09,0.0009881698072588875,0.0009881698072588,8.738669510233166e-17
2023-03-10,-0.005225104402685986,-0.0052251044026859,-8.586881206085195e-17
2023-03-13,-0.0006584115250529238,-0.0006584115250529,-2.3744027577432547e-17
2023-03-14,-0.0003275188898609056,-0.0003275188898609,-5.637851296924623e-18
2023-03-15,-0.0007505372993542334,-0.0007505372993542,-3.3393426912553537e-17
2023-03-16,-0.002805906590360841,-0.0028059065903608,-4.0766001685454967e-17
2023-03-17,0.000617539209684336,0.0006175392096843,3.599551212651875e-17
2023-03-20,0.00017908930294938672,0.0001790893029493,8.670906874452822e-17
2023-03-21,0.005517987406536062,0.005517987406536,6.158268339717665e-17
2023-03-22,0.0026178208975260243,0.002617820897526,2.42861286636753e-17
2023-03-23,0.0014916495487007132,0.0014916495487007,1.3227266504323154e-17
2023-03-24,0.0005964936623114925,0.0005964936623114,9.248244531301353e-17
2023-03-27,0.0009901151165305545,0.0009901151165305,5.442694905877232e-17
2023-03-28,-0.0028436110913828915,-0.0028436110913828,-9.150666335777657e-17
2023-03-29,-0.001307380050082707,-0.0013073800500827,-6.938893903907228e-18
2023-03-30,0.0004818700170057033,0.0004818700170057,3.3068166260807885e-18
2023-03-31,0.006388638068201969,0.0063886380682019,6.852157730108388e-17
2023-04-03,0.008676695405894408,0.0086766954058944,8.673617379884035e-18
2023-04-04,-0.0009026673656368555,-0.0009026673656368,-5.551115123125783e-17
2023-04-06,0.0027966121238642396,0.0027966121238642,3.946495907847236e-17
2023-04-07,0.010262717684234878,0.0102627176842348,7.806255641895632e-17
2023-04-10,-0.008060004350723005,-0.008060004350723,-5.204170427930421e-18
2023-04-11,-6.140060353059252e-05,-6.140060353059252e-05,0.0
2023-04-12,0.004990968635280435,0.0049909686352804,3.5561831257524545e-17
2023-04-13,-0.00431713324388554,-0.0043171332438855,-3.9898639947466563e-17
2023-04-14,0.005074652482617692,0.0050746524826176,9.194034422677078e-17
2023-04-17,0.00011066281952083478,0.0001106628195208,3.4789337209628624e-17
2023-04-18,-0.002715729065316963,-0.0027157290653169,-6.288372600415926e-17
2023-04-19,-0.003868759168760438,-0.0038687591687604,-3.8163916471489756e-17
2023-04-20,-0.0014412698842915406,-0.0014412698842915,-4.0549161250957866e-17
2023-04-21,-0.01937248467131596,-0.0193724846713159,-5.898059818321144e-17
2023-04-24,-0.007700756841640321,-0.0077007568416403,-2.0816681711721685e-17
2023-04-25,-0.008272577416981975,-0.0082725774169819,-7.45931094670027e-17
2023-04-26,0.00282838656684945,0.0028283865668494,5.0306980803327406e-17
2023-04-27,0.0010495619094352594,0.0010495619094352,5.941427905220564e-17
2023-04-28,0.00596860600783986,0.0059686060078398,5.984795992119984e-17
2023-05-04,2.53388088298001e-05,2.53388088298001e-05,0.0
2023-05-05,-0.0056127074214740395,-0.005612707421474,-3.903127820947816e-17
2023-05-08,0.0037778836243523998,0.0037778836243523,9.974659986866641e-17
2023-05-09,-0.0034788072592802505,-0.0034788072592803,4.9439619065339e-17
2023-05-10,-0.000633524080956461,-0.0006335240809564,-6.10405823109339e-17
2023-05-11,0.0005898934343989473,0.0005898934343989,4.7379634937616544e-17
2023-05-12,-0.0023390914640979642,-0.002339091464098,3.5561831257524545e-17
2023-05-15,0.001436995515439198,0.0014369955154391,9.80118763926896e-17
2023-05-16,-0.0018887325894986148,-0.0018887325894986,-1.474514954580286e-17
2023-05-17,0.001519086287207472,0.0015190862872074,7.19910242530375e-17
2023-05-18,0.0016576516811865338,0.0016576516811865,3.382710778154774e-17
2023-05-19,-2.209985131392698e-05,-2.209985131392698e-05,0.0
2023-05-22,-0.002870798431631293,-0.0028707984316312,-9.324138683375338e-17
2023-05-23,-0.0009132188974835491,-0.0009132188974835,-4.911435841359335e-17
2023-05-24,-0.001616276535502585,-0.0016162765355025,-8.500145032286355e-17
2023-05-25,-0.003730511940400952,-0.0037305119404009,-5.204170427930421e-17
2023-05-26,0.0046170087583475876,0.0046170087583475,8.760353553682876e-17
2023-05-29,-0.001199152802207748,-0.0011991528022077,-4.7921736023859296e-17
2023-05-30,0.0020321642163893872,0.0020321642163893,8.716985466783456e-17
2023-05-31,-7.065762322936322e-05,-2.483020995550535e-05,-4.5827413273857864e-05
2023-06-01,0.0018541496255436818,0.0018541496255436,8.174884380540703e-17
2023-06-02,0.003541492823763537,0.0035414928237635,3.686287386450715e-17
2023-06-05,-8.040001256480399e-05,-8.040001256480398e-05,-1.3552527156068805e-20
2023-06-06,-0.009297942488035503,-0.0092979424880356,9.71445146547012e-17
2023-06-07,-0.000824668132100125,-0.0008246681321002,7.502679033599691e-17
2023-06-08,-0.002566172590862793,-0.0025661725908629,1.0711917464156784e-16
2023-06-09,0.0028640063797829613,0.0028640063797829,6.114900252818245e-17
2023-06-12,0.0026813126467617595,0.0026813126467619,-1.4051260155412137e-16
2023-06-13,0.0011584981363422647,0.0011584981363422,6.483528991463317e-17
2023-06-14,0.0022723353133109517,0.0022379453622682,3.438995104275162e-05
2023-06-15,0.0037073143292296164,0.0037073143292298,-1.8344700758454735e-16
2023-06-16,0.008519128306490441,0.0085191283064904,4.163336342344337e-17
2023-06-19,0.0024925497927299036,0.0024925497927299,3.469446951953614e-18
2023-06-20,0.0010139109705397775,0.0010139109705397,7.741203511546502e-17
2023-06-21,-0.01712509460752314,-0.0171250946075231,-3.8163916471489756e-17
2023-06-26,-0.019106936197944725,-0.0191069361979447,-2.42861286636753e-17
2023-06-27,0.007565956524518825,0.0075659565245188,2.42861286636753e-17
2023-06-28,-0.003286634347256323,-0.0032866343472563,-2.2985086056692694e-17
2023-06-29,0.005040715174652178,0.0050407151746521,7.719519468096792e-17
2023-06-30,0.009025253346178175,0.0090252533461781,7.45931094670027e-17
2023-07-03,0.0018517991300727843,0.0018517991300727,8.435092901937224e-17
2023-07-04,0.002997121860911456,0.0029971218609114,5.594483210025203e-17
2023-07-05,-0.005670407912592923,-0.0056704079125929,-2.2551405187698492e-17
2023-07-06,-0.002925884248594002,-0.002925884248594,-1.734723475976807e-18
2023-07-07,-0.0022946835058308634,-0.0022946835058308,-6.331740687315346e-17
2023-07-10,0.00013042729170840148,0.0001304272917084,1.4907779871675686e-18
2023-07-11,0.00449227458280752,0.0044922745828075,1.9949319973733282e-17
2023-07-12,-0.00564006834212929,-0.0056400683421292,-9.020562075079397e-17
2023-07-13,0.004427579029110151,0.0044275790291101,5.117434254131581e-17
2023-07-14,0.00013024717034924025,0.0001302471703492,4.025100565352435e-17
2023-07-17,-0.0033662581913030064,-0.003366258191303,-6.5052130349130266e-18
2023-07-18,0.0010837179968576694,0.0010837179968576,6.938893903907228e-17
2023-07-19,-0.002300561216963203,-0.0023005612169632,-3.0357660829594124e-18
2023-07-20,-0.0023122496482159307,-0.002312249648216,6.938893903907228e-17
2023-07-21,-0.003070702355072921,-0.0030707023550729,-2.0816681711721685e-17
2023-07-24,-0.0007059917118790215,-0.0007059917118791,7.849623728795052e-17
2023-07-25,0.005742395733988344,0.0057423957339883,4.423544863740858e-17
2023-07-26,-0.002371334891374919,-0.0023713348913749,-1.9081958235744878e-17
2023-07-27,-0.002965608449117858,-0.0029656084491179,4.206704429243757e-17
2023-07-28,0.004058156172987774,0.0040581561729879,-1.2663481374630692e-16
2023-07-31,0.002778584502017139,0.0027785845020171,3.903127820947816e-17
2023-08-01,-0.0007290095645296941,-0.0007290095645296,-9.410874857174178e-17
2023-08-02,-0.001436973394622079,-0.001436973394622,-7.892991815694472e-17
2023-08-03,-0.00010102182721864846,-0.0001010218272185,-1.484543824675777e-16
2023-08-04,0.00543687206191131,0.0054370630489706,-1.9098705928994458e-07
2023-08-07,-0.004452671806740476,-0.0045325110158432,7.983920910272467e-05
2023-08-08,-0.0030943779686608878,-0.0032669756364612,0.00017259766780031204
2023-08-09,-0.004086793313833616,-0.0044567854770107,0.00036999216317708337
2023-08-10,-0.0008890961557574518,-0.0009354580775656,4.636192180814823e-05
2023-08-11,-0.00746201646183174,-0.0085704212849591,0.00110840482312736
2023-08-14,-0.0026044086034558824,-0.0022242511966821,-0.0003801574067737825
2023-08-15,-0.0014490517641567574,-0.0026256445733325,0.0011765928091757424
2023-08-16,-0.0015958833452818003,-0.0015958833452818,-2.168404344971009e-19
2023-08-17,0.0009693818472473932,0.0009693818472473,9.313296661650483e-17
2023-08-18,-0.001464349071110473,-0.0014643490711104,-7.3075226425523e-17
2023-08-21,-0.0015638132080503127,-0.0015638132080504,8.738669510233166e-17
2023-08-22,-0.001654696085257957,-0.0016546960852578,-1.5699247457590104e-16
2023-08-23,-0.002364627181936156,-0.0023646271819361,-5.594483210025203e-17
2023-08-24,0.00014825808931154957,0.0001482580893115,4.957514433689969e-17
2023-08-25,-0.003481787321762409,-0.0034817873217624,-9.107298248878237e-18
2023-08-28,0.0034827097721006526,0.0034827097721008,-1.474514954580286e-16
2023-08-29,0.006397921779137583,0.0063979217791375,8.239936510889834e-17
2023-08-30,0.000991935119853179,0.0009919351198531,7.892991815694472e-17
2023-08-31,-0.0026701239783448326,-0.0026701239783448,-3.252606517456513e-17
2023-09-01,-0.001293162228933436,-0.0012931622289334,-3.599551212651875e-17
2023-09-04,0.004417189302109462,0.0044171893021094,6.158268339717665e-17
2023-09-05,-0.0023148459573405387,-0.0022056400852353,-0.00010920587210523853
2023-09-06,0.003306710906847526,0.0033067109068475,2.6020852139652106e-17
2023-09-07,-0.007281334661387229,-0.0072813346613873,7.112366251504909e-17
2023-09-08,0.0011246426245009053,0.0011246426245009,5.421010862427522e-18
2023-09-11,0.0022890501418741096,0.0022890501418741,9.540979117872439e-18
2023-09-12,0.0005985472809007498,0.0004161538558154,0.00018239342508534977
2023-09-13,-0.004736828874792769,-0.0048096964540488,7.286757925603106e-05
2023-09-14,-0.00011572668935282639,-0.0001157266893528,-2.6386770372865964e-17
2023-09-15,0.0008234098814520436,0.000823409881452,4.358492733391728e-17
2023-09-18,0.0033178926625790834,0.003317892662579,8.326672684688674e-17
2023-09-19,-0.004056530874523521,-0.0040565308745235,-2.168404344971009e-17
2023-09-20,-0.0019492182409869255,-0.0019492182409869,-2.5370330836160804e-17
2023-09-21,-0.0012040962030985842,-0.0012040962030986,1.5829351718288365e-17
2023-09-22,0.003773025737517344,0.0037730257375173,4.380176776841438e-17
2023-09-25,-0.0015703385810612812,-0.0015703385810613,1.8865117801247777e-17
2023-09-26,-0.000416007069270413,-0.0004160070692704,-1.3010426069826053e-17
2023-09-27,0.00301826494421524,0.0030182649442152,3.9898639947466563e-17
2023-09-28,-0.00021490069950634387,-0.0002149006995063,-4.388308293135079e-17
2023-10-09,-0.002555180663025515,-0.0025181154344074,-3.706522861811508e-05
2023-10-10,-0.0021884147325960963,-0.002188414732596,-9.627715291671279e-17
2023-10-11,-0.00040728969332853014,-0.0004072896933285,-3.0140820395097023e-17
2023-10-12,0.00359052161909776,0.0035905216190977,6.028164079019405e-17
2023-10-13,-0.001461876742188799,-0.0014618767421887,-9.90960785651751e-17
2023-10-16,-0.005069599042860648,-0.0050695990428606,-4.85722573273506e-17
2023-10-17,-0.0013204957291014859,-0.0013204957291014,-8.586881206085195e-17
2023-10-18,-0.003827135284548929,-0.0038271352845489,-2.905661822261152e-17
2023-10-19,0.001052415639114438,0.0010524156391144,3.7947076036992655e-17
2023-10-20,-0.0017819458031214214,-0.0017819458031214,-2.1467203015212988e-17
2023-10-23,0.007408850568269457,0.0074088505682694,5.724587470723463e-17
2023-10-24,0.0045598781525595326,0.0045598781525595,3.2959746043559335e-17
2023-10-25,0.002972163551037079,0.002972163551037,7.892991815694472e-17
2023-10-26,0.0010642948397570746,0.001064294839757,7.45931094670027e-17
2023-10-27,0.009927173313262738,0.0099271733132627,3.8163916471489756e-17
2023-10-30,0.005189574946919755,0.0051895749469197,5.4643789493269423e-17
2023-10-31,-0.003943198844675257,-0.0039431988446752,-5.724587470723463e-17
2023-11-01,-0.00017847937033428762,-0.0001784793703342,-8.76306405911409e-17
2023-11-02,-0.0038611050377813146,-0.0038611050377813,-1.474514954580286e-17
2023-11-03,0.0064567906562727345,0.0064567906562727,3.469446951953614e-17
2023-11-06,0.013097975066194933,0.0130983964074204,-4.2134122546673425e-07
2023-11-07,0.004482470642124881,0.0048658363084589,-0.0003833656663340193
2023-11-08,-0.00099965309956756,-0.0009989029528389,-7.501467286599207e-07
2023-11-09,-0.0035592265468158543,-0.0044930035063575,0.0009337769595416457
2023-11-10,-2.1703439456314036e-05,-0.0003177560640084,0.000296052624552086
2023-11-13,0.0061722217652188105,0.007199201445173,-0.0010269796799541892
2023-11-14,0.006135910293274494,0.0067256352811075,-0.0005897249878330062
2023-11-15,0.005704270231899771,0.0062411159522512,-0.0005368457203514289
2023-11-16,-0.004455884023186299,-0.0055692816465293,0.0011133976233430017
2023-11-17,0.0018424372403840039,0.0031086135003723,-0.0012661762599882962
2023-11-20,0.005691536898460652,0.0056915368984606,5.204170427930421e-17
2023-11-21,-0.003963085560971419,-0.0039630855609715,8.066464163292153e-17
2023-11-22,-0.0048002932354486655,-0.0048002932354486,-6.591949208711867e-17
2023-11-23,0.0038611486954595303,0.0038611486954597,-1.695692197767329e-16
2023-11-24,-0.00812240012843852,-0.0081224001284385,-2.0816681711721685e-17
2023-11-27,-0.0008416711668704852,-0.0008416711668704,-8.521829075736065e-17
2023-11-28,0.001281421315939884,0.0012814213159398,8.413408858487514e-17
2023-11-29,-0.0022510808312522644,-0.0022510808312523,3.5561831257524545e-17
2023-11-30,0.0025348200592999756,0.0004342423203293,0.0021005777389706756
2023-12-01,0.002936811864943501,0.0029368118649435,8.673617379884035e-19
2023-12-04,-0.0002631428105014735,-0.0002631428105014,-7.35089072945172e-17
2023-12-05,-0.0008013401995538557,-0.0008013401995539,4.423544863740858e-17
2023-12-06,0.0005671660958517564,0.0005671660958517,5.637851296924623e-17
2023-12-07,0.0009154612097923883,0.0009154612097923,8.836247705756861e-17
2023-12-08,-0.0012461365875738365,-0.0012461365875738,-3.642919299551295e-17
2023-12-11,0.003152623198203266,0.0031526231982032,6.591949208711867e-17
2023-12-12,0.0003871837833712222,0.0003871837833712,2.222614453595284e-17
2023-12-13,-0.002295130954433133,-0.0022951309544331,-3.2959746043559335e-17
2023-12-14,-0.0012854245783041902,-0.0012854245783043,1.0972125985553305e-16
2023-12-15,-0.0029289715602433164,-0.0029289715602433,-1.6479873021779667e-17
2023-12-18,-0.00274137739490394,-0.002741377394904,5.984795992119984e-17
2023-12-19,-0.0006829997478713212,-0.0006829997478713,-2.1141942363467336e-17
2023-12-20,-0.0020317671557435963,-0.0020317671557435,-9.627715291671279e-17
2023-12-21,0.0007758663271724696,0.0007758663271724,6.960577947356938e-17
2023-12-22,-0.0025093719671276456,-0.0025093719671276,-4.5536491244391186e-17
2023-12-25,6.248200342356151e-05,6.248200342356153e-05,-1.3552527156068805e-20
2023-12-26,-0.0014172211104607935,-0.0014172211104607,-9.345822726825048e-17
2023-12-27,0.0006556064448145576,0.0006556064448145,5.757113535898029e-17
2023-12-28,0.0034637731297863256,0.0034637731297863,2.5587171270657905e-17
2023-12-29,0.00383827845411452,0.0038382784541145,1.9949319973733282e-17
2024-01-02,-0.0016679044891879183,-0.0016679044891879,-1.8214596497756474e-17
2024-01-03,-0.0033373958248433715,-0.0033373958248433,-7.155734338404329e-17
2024-01-04,-0.0008764613147392922,-0.0008764613147392,-9.215718466126788e-17
2024-01-05,-0.0028629555541074916,-0.0028629555541074,-9.150666335777657e-17
2024-01-08,0.005046764945428444,0.0050467649454284,4.423544863740858e-17
2024-01-09,-0.004745042603366249,-0.0047450426033661,-1.491862189340054e-16
2024-01-10,0.004057328259748729,0.0040573282597487,2.949029909160572e-17
2024-01-11,-0.001767661030661568,-0.0017676610306615,-6.787105599759258e-17
2024-01-12,0.0006950549319606502,0.0006950549319604,2.502338614096544e-16
2024-01-15,-0.0007935714513556311,-0.0007935714513556,-3.111660235033398e-17
2024-01-16,-0.00043746983346148343,-0.0004374698334614,-8.342935717275957e-17
2024-01-17,0.014778921841104974,0.0147789218411049,7.45931094670027e-17
2024-01-18,-0.016451496527144616,-0.0164514965271445,-1.1449174941446927e-16
2024-01-19,0.010909452241858408,0.0109094522418584,8.673617379884035e-18
2024-01-22,-0.044366100697951105,-0.0443661006979511,-6.938893903907228e-18
2024-01-23,0.02695835801639052,0.0269583580163905,2.0816681711721685e-17
2024-01-24,0.0013510739052508935,0.0013510739052508,9.345822726825048e-17
2024-01-25,0.05739354628360182,0.0573935462836018,2.0816681711721685e-17
2024-01-26,-0.009780973745692055,-0.009780973745692,-5.551115123125783e-17
2024-01-29,-0.028676302682707176,-0.0286763026827071,-7.632783294297951e-17
2024-01-30,-0.03161534058179246,-0.0316153405817924,-6.245004513516506e-17
2024-01-31,-0.040564670221246296,-0.0405646702212462,-9.71445146547012e-17
2024-02-01,-0.01266748779950533,-0.0126674877995053,-2.949029909160572e-17
2024-02-02,-0.05662519144982973,-0.0566251914498297,-2.7755575615628914e-17
2024-02-05,-0.010668133966447495,-0.0106681339664476,1.0581813203458523e-16
2024-02-06,0.03804705961691353,0.0380470596169135,2.7755575615628914e-17
2024-02-07,0.042899877703124575,0.0428998777031245,7.632783294297951e-17
2024-02-08,0.06022606858992542,0.0602260685899254,2.0816681711721685e-17
2024-02-19,-0.0056550327166937555,-0.0056550327166937,-5.551115123125783e-17
2024-02-20,0.014080698200897327,0.0140806982008973,2.7755575615628914e-17
2024-02-21,0.028409526589395072,0.0251377679061195,0.003271758683275571
2024-02-22,0.00141219944541576,0.0014121994454157,6.006480035569695e-17
2024-02-23,0.025849369381318765,0.0258493693813187,6.591949208711867e-17
2024-02-26,0.012251130467280043,0.01225113046728,4.336808689942018e-17
2024-02-27,0.030602006238921814,0.0306020062389218,1.3877787807814457e-17
2024-02-28,-0.041316873933340506,-0.0428309678051006,0.0015140938717600957
2024-02-29,0.021231853252843262,0.0212318532528432,6.245004513516506e-17
2024-03-01,0.030936939733870416,0.0309369397338706,-1.8388068845354155e-16
2024-03-04,2.053612360979526e-06,2.053612360979526e-06,0.0
2024-03-05,-0.009425202596934527,-0.0108201158251632,0.0013949132282286732
2024-03-06,0.008673951380584561,0.0086739513805845,6.071532165918825e-17
2024-03-07,-0.013483673778061476,-0.0134836737780614,-7.632783294297951e-17
2024-03-08,0.011714874754511386,0.0117148747545116,-2.1337098754514727e-16
2024-03-11,0.019562239974707372,0.0195622399747073,7.28583859910259e-17
2024-03-12,0.012694190656026783,0.0126941906560267,8.326672684688674e-17
2024-03-13,0.013887946047156628,0.0138879460471568,-1.717376241217039e-16
2024-03-14,-0.018878410690201915,-0.0188784106902019,-1.3877787807814457e-17
2024-03-15,0.008340701220207974,0.0083407012202079,7.45931094670027e-17
2024-03-18,0.03329269557648471,0.0332926955764847,1.3877787807814457e-17
2024-03-19,-0.0021875779198116917,-0.0021875779198116,-9.150666335777657e-17
2024-03-20,0.008528859770364442,0.0085288597703644,4.163336342344337e-17
2024-03-21,0.0020825314321312755,0.0020825314321312,7.546047120499111e-17
2024-03-22,-0.014949942429091341,-0.0149499424290914,5.898059818321144e-17
2024-03-25,-0.031348877098439386,-0.0313488770984395,1.1102230246251565e-16
2024-03-26,-0.016583671804369062,-0.016583671804369,-6.245004513516506e-17
2024-03-27,-0.026425003265760638,-0.0264250032657607,6.245004513516506e-17
2024-03-28,0.00454515113062974,0.0037211719948146,0.0008239791358151402
2024-03-29,0.008598003308043826,0.0085980033080438,2.6020852139652106e-17
2024-04-01,0.032807672931257616,0.0328076729312578,-1.8735013540549517e-16
2024-04-02,-0.009322325770870412,-0.0093223257708704,-1.214306433183765e-17
2024-04-03,-0.007519813753491512,-0.0075198137534916,8.760353553682876e-17
2024-04-08,-0.023348750693550396,-0.0233487506935503,-9.71445146547012e-17
2024-04-09,0.010391795860221473,0.0103917958602214,7.28583859910259e-17
2024-04-10,-0.02005419756646403,-0.020054197566464,-3.122502256758253e-17
2024-04-11,0.00965604168980687,0.0096560416898068,6.938893903907228e-17
2024-04-12,-0.010510375436879273,-0.0105103754368793,2.7755575615628914e-17
2024-04-15,-0.02297636811633744,-0.0229763681163374,-4.163336342344337e-17
2024-04-16,-0.022629973044447527,-0.0226299730444475,-2.7755575615628914e-17
2024-04-17,0.033327412954098044,0.033327412954098,4.163336342344337e-17
2024-04-18,0.013749437848658666,0.0137494378486586,6.591949208711867e-17
2024-04-19,-0.0119123965984522,-0.0119123965984523,1.0061396160665481e-16
2024-04-22,0.0009421731637469334,0.0009421731637469,3.3393426912553537e-17
2024-04-23,-0.011483689117095783,-0.0114836891170958,1.734723475976807e-17
2024-04-24,0.022082219953644733,0.0220822199536447,3.122502256758253e-17
2024-04-25,0.0052546539878051135,0.0052546539878051,1.3877787807814457e-17
2024-04-26,0.028371089161931096,0.028371089161931,9.71445146547012e-17
2024-04-29,0.03864808203355897,0.0386480820335589,6.938893903907228e-17
2024-04-30,-0.014410639788871703,-0.0144106397888717,-3.469446951953614e-18
2024-05-06,0.03170608475629077,0.0314348365878983,0.00027124816839246835
2024-05-07,0.00121928908935308,0.0025606343662803,-0.00134134527692722
2024-05-08,-0.022006346186420826,-0.025268702933895,0.003262356747474174
2024-05-09,0.028865866884889617,0.0317461342804055,-0.002880267395515883
2024-05-10,-0.020403851523302458,-0.0220036626951949,0.0015998111718924408
2024-05-13,-0.014948592238750526,-0.0167561760649326,0.0018075838261820722
2024-05-14,0.012083407783176328,0.0131485195215257,-0.0010651117383493718
2024-05-15,-0.011993052687106289,-0.0131015468280595,0.0011084941409532107
2024-05-16,-0.00512603616022058,-0.005260673975589,0.00013463781536841943
2024-05-17,-0.001351955822626574,0.002501521314016,-0.003853477136642574
2024-05-20,0.015703079975659184,0.0158935235520655,-0.00019044357640631698
2024-05-21,-0.023820863353129086,-0.023820863353129,-8.673617379884035e-17
2024-05-22,0.007199262582793729,0.0071992625827937,2.862293735361732e-17
2024-05-23,-0.03487539173566404,-0.0348753917356641,5.551115123125783e-17
2024-05-24,-0.004327800004659174,-0.0014110772292188,-0.002916722775440374
2024-05-27,-0.001210982270200121,-0.0012109822702001,-2.1033522146218786e-17
2024-05-28,-0.007979874710138626,-0.0079798747101386,-2.6020852139652106e-17
2024-05-29,-0.0002526596578198112,-0.0002526596578198,-1.1167282376600696e-17
2024-05-30,0.0025054886095661278,0.0025054886095661,2.7755575615628914e-17
2024-05-31,0.006870970804162163,0.0068709708041621,6.245004513516506e-17
2024-06-03,-0.023456480380019604,-0.0234564803800196,-3.469446951953614e-18
2024-06-04,0.014918475928410712,0.0149184759284107,1.214306433183765e-17
2024-06-05,-0.006272149319277373,-0.0062721493192774,2.688821387764051e-17
2024-06-06,-0.02759650202396111,-0.0275965020239611,-1.0408340855860843e-17
2024-06-07,0.005590818569335205,0.0055908185693352,5.204170427930421e-18
2024-06-11,0.008049590754990444,0.0080495907549904,4.336808689942018e-17
2024-06-12,0.005574158891685567,0.0055741588916857,-1.3357370765021415e-16
2024-06-13,-0.010490050847981058,-0.010490050847981,-5.724587470723463e-17
2024-06-14,0.0029756647956725446,0.0029756647956725,4.466912950640278e-17
2024-06-17,0.0015704353686172264,0.0015704353686174,-1.736891880321778e-16
2024-06-18,0.00817637849212133,0.0081763784921213,2.949029909160572e-17
2024-06-19,-0.010662695471921932,-0.0106626954719219,-3.122502256758253e-17
2024-06-20,-0.020572192490839962,-0.0205721924908399,-6.245004513516506e-17
2024-06-21,-0.0030483036932968674,-0.0030483036932968,-6.722053469410127e-17
2024-06-24,-0.029595939118230625,-0.0295959391182306,-2.42861286636753e-17
2024-06-25,-0.014684729373254827,-0.0146847293732549,7.28583859910259e-17
2024-06-26,0.031102151659522032,0.031102151659522,3.122502256758253e-17
2024-06-27,-0.021220603090207235,-0.0212206030902072,-3.469446951953614e-17
2024-06-28,0.005335157431681484,0.0053351574316814,8.413408858487514e-17
2024-07-01,0.009352853535791645,0.0093528535357916,4.5102810375396984e-17
2024-07-02,-0.010708155099163725,-0.0107081550991637,-2.42861286636753e-17
2024-07-03,-0.005064368951928764,-0.0050643689519287,-6.418476861114186e-17
2024-07-04,-0.022678113935103966,-0.0226781139351039,-6.591949208711867e-17
2024-07-05,0.011835848725106918,0.0118358487251069,1.9081958235744878e-17
2024-07-08,-0.024277621870487723,-0.0242776218704877,-2.42861286636753e-17
2024-07-09,0.025376146710408384,0.0253761467104083,8.326672684688674e-17
2024-07-10,-0.002581066941308787,-0.0025810669413087,-8.673617379884035e-17
2024-07-11,0.02130848706790773,0.0213084870679077,2.7755575615628914e-17
2024-07-12,-0.00043322317890306727,-0.0004332231789031,3.2742905609062234e-17
2024-07-15,-0.015234870366746181,-0.0152348703667461,-8.153200337090993e-17
2024-07-16,0.0010572406336392792,0.0010572406336392,7.914675859144182e-17
2024-07-17,0.00011986511787432562,0.0001198651178743,2.562782885212611e-17
2024-07-18,0.0021225442812995206,0.0021225442812995,2.0816681711721685e-17
2024-07-19,0.0033777188730863936,0.0033777188730863,9.367506770274758e-17
2024-07-22,-0.00034631206103834396,-0.0003463120610383,-4.3964398094287205e-17
2024-07-23,-0.023250778990512047,-0.023250778990512,-4.85722573273506e-17
2024-07-24,-0.019197967466560658,-0.0191979674665606,-5.898059818321144e-17
2024-07-25,0.0001255745150182701,0.0001255745150182,7.009367045118786e-17
2024-07-26,0.01583336410050584,0.0158333641005058,3.8163916471489756e-17
2024-07-29,-0.002870170143832413,-0.0028701701438324,-1.3010426069826053e-17
2024-07-30,0.003033573631547808,0.0030335736315478,7.806255641895632e-18
2024-07-31,0.05610994961883036,0.0561099496188303,6.245004513516506e-17
2024-08-01,-0.0037011643235651676,-0.0037009184341526,-2.4588941256774646e-07
2024-08-02,-0.0202721079546814,-0.0210424203844008,0.0007703124297193976
2024-08-05,-0.022491132528817258,-0.0231788560806712,0.0006877235518539422
2024-08-06,0.015150389611453506,0.0151503896114535,6.938893903907228e-18
2024-08-07,0.0030649953835593315,0.0030649953835593,3.165870343657673e-17
2024-08-08,0.004187135391288619,0.0041871353912886,1.9081958235744878e-17
2024-08-09,-0.013004221520535238,-0.0130042215205352,-3.8163916471489756e-17
2024-08-12,-0.01035535377062743,-0.0103553537706273,-1.3010426069826053e-16
2024-08-13,-0.000616675254579173,-0.0006166752545791,-7.296680620827445e-17
2024-08-14,-0.0011631571550339806,-0.001163157155034,1.929879867024198e-17
2024-08-15,0.00553244520866615,0.0055324452086661,5.0306980803327406e-17
2024-08-16,-0.00460601502396982,-0.0047821265216638,0.00017611149769398027
2024-08-19,-6.877122266158505e-05,1.153230657357444e-05,-8.030352923515949e-05
2024-08-20,-0.02472523169244037,-0.0247252316924404,3.122502256758253e-17
2024-08-21,-0.002652459340158471,-0.0026524593401584,-7.112366251504909e-17
2024-08-22,-0.013544501955241152,-0.0135445019552411,-5.204170427930421e-17
2024-08-23,0.0007997510842787527,0.0007997510842787,5.2692225582795515e-17
2024-08-26,0.0034833374126525614,0.0034833374126525,6.158268339717665e-17
2024-08-27,-0.010775714056351377,-0.0107757140563514,2.2551405187698492e-17
2024-08-28,0.003605676943509584,0.0036056769435095,8.413408858487514e-17
2024-08-29,0.021578800420446274,0.0215788004204462,7.28583859910259e-17
2024-08-30,0.028032570136496765,0.0280325701364967,6.591949208711867e-17
2024-09-02,-0.030702154220901678,-0.0307021542209016,-7.632783294297951e-17
2024-09-03,0.004534178858196447,0.0045341788581964,4.683753385137379e-17
2024-09-04,-0.004244198359835603,-0.0042441983598356,-3.469446951953614e-18
2024-09-05,0.010056635045370525,0.0100566350453705,2.42861286636753e-17
2024-09-06,-0.019595297938573706,-0.0195952979385737,-6.938893903907228e-18
2024-09-09,-0.0103520305433344,-0.0103520305433344,0.0
2024-09-10,0.004605253466706193,0.0046052534667064,-2.0729945537922845e-16
2024-09-11,-0.0019072391475613035,-0.0021587999706202,0.0002515608230588965
2024-09-12,0.002182275481030676,0.0019807022715955,0.00020157320943517583
2024-09-13,-0.014386192227181212,-0.0143861922271812,-1.214306433183765e-17
2024-09-18,-0.007126528676771542,-0.0071265286767715,-4.163336342344337e-17
2024-09-19,0.023108877115102833,0.0231088771151028,3.469446951953614e-17
2024-09-20,-0.01328861254742572,-0.0134227598961463,0.00013414734872058132
2024-09-23,0.004919039515193771,0.0046998732838715,0.00021916623132227104
2024-09-24,0.0524001802880353,0.0524001802880353,0.0
2024-09-25,0.02633999572632952,0.0258868548248189,0.00045314090151061734
2024-09-26,0.06487674210604555,0.0681390974466209,-0.003262355340575354
2024-09-27,0.15819131570910544,0.160652836535743,-0.0024615208266375588
2024-09-30,0.14437517137485567,0.1453686307517079,-0.0009934593768522182
2024-10-08,0.1148934305301113,0.1145573772085138,0.00033605332159750145
2024-10-09,-0.0438363118696006,-0.0438363118696006,0.0
2024-10-10,-0.031371309197731505,-0.0313713091977315,-6.938893903907228e-18
2024-10-11,-0.07382162046148254,-0.0738216204614825,-4.163336342344337e-17
2024-10-14,0.05276874915075391,0.0527687491507539,1.3877787807814457e-17
2024-10-15,-0.0057896794542897905,-0.0057896794542897,-9.020562075079397e-17
2024-10-16,-0.009130379744778152,-0.0091303797447781,-5.204170427930421e-17
2024-10-17,0.005830099739508973,0.0058300997395089,7.28583859910259e-17
2024-10-18,0.06812188703254381,0.0681218870325438,1.3877787807814457e-17
2024-10-21,-0.003679093511120315,-0.0036790935111203,-1.474514954580286e-17
2024-10-22,0.007654991945545022,0.007654991945545,2.2551405187698492e-17
2024-10-23,0.010718737219602825,0.0107187372196028,2.42861286636753e-17
2024-10-24,-0.012229635956161364,-0.0122296359561613,-6.418476861114186e-17
2024-10-25,0.03727453550810375,0.0372745355081037,4.85722573273506e-17
2024-10-28,0.02532679939123065,0.0253267993912306,4.85722573273506e-17
2024-10-29,-0.014471636203371052,-0.014471636203371,-5.204170427930421e-17
2024-10-30,0.0004088597785706897,0.0004088597785706,8.971772977317549e-17
2024-10-31,0.031301973994340905,0.0313019739943409,6.938893903907228e-18
2024-11-01,-0.04292624424146085,-0.0429262442414608,-4.85722573273506e-17
2024-11-04,0.020762351710888596,0.0207623517108885,9.71445146547012e-17
2024-11-05,0.05443572759805488,0.0544357275980548,7.632783294297951e-17
2024-11-06,0.003627598130793578,0.0036275981307935,7.806255641895632e-17
2024-11-07,0.0209376495793725,0.0209376495793725,0.0
2024-11-08,0.0073076700927358264,0.0073076700927358,2.6020852139652106e-17
2024-11-11,0.027422148426929853,0.0274221484269298,5.204170427930421e-17
2024-11-12,-0.01243273414461338,-0.0124327341446133,-7.979727989493313e-17
2024-11-13,0.0005851751416345145,0.0005851751416345,1.452830911130576e-17
2024-11-14,-0.032871945095575186,-0.0328719450955751,-8.326672684688674e-17
2024-11-15,-0.01932982779896773,-0.0193298277989677,-3.122502256758253e-17
2024-11-18,-0.046356915885364565,-0.0463569158853645,-6.245004513516506e-17
2024-11-19,0.027708498769318527,0.0277084987693185,2.7755575615628914e-17
2024-11-20,0.028823756564150375,0.0288237565641503,7.632783294297951e-17
2024-11-21,-0.0005898233014771612,-0.0005898233014771,-6.1257422745431e-17
2024-11-22,-0.033236835978082274,-0.0332368359780822,-7.632783294297951e-17
2024-11-25,-0.018813241225273246,-0.0188132412252732,-4.5102810375396984e-17
2024-11-26,-0.002703505968199496,-0.0027035059681994,-9.584347204771859e-17
2024-11-27,0.023044141431871498,0.0230441414318714,9.71445146547012e-17
2024-11-28,0.007273740672377182,0.0072737406723771,8.153200337090993e-17
2024-11-29,0.024958952904268698,0.0249589529042686,9.71445146547012e-17
2024-12-02,0.022008497585460033,0.02200849758546,3.469446951953614e-17
2024-12-03,0.004940489846494892,0.0049404898464948,9.194034422677078e-17
2024-12-04,-0.02891884930180913,-0.0289188493018091,-3.122502256758253e-17
2024-12-05,0.019524639999390758,0.0195246399993907,5.898059818321144e-17
2024-12-06,0.020784942382437638,0.0207849423824376,3.8163916471489756e-17
2024-12-09,-0.01459124713423242,-0.0145912471342324,-2.0816681711721685e-17
2024-12-10,0.02184056283434708,0.021840562834347,7.979727989493313e-17
2024-12-11,0.014948777000041526,0.0149487770000415,2.6020852139652106e-17
2024-12-12,0.012756736359808217,0.0127567363598082,1.734723475976807e-17
2024-12-13,-0.031067848122814268,-0.0310678481228142,-6.938893903907228e-17
2024-12-16,-0.03096583823286282,-0.0309658382328628,-1.734723475976807e-17
2024-12-17,-0.033155123892818036,-0.033155123892818,-3.469446951953614e-17
2024-12-18,0.013451054321354516,0.0134510543213545,1.5612511283791264e-17
2024-12-19,0.002768678528753402,0.0027686785287534,1.734723475976807e-18
2024-12-20,0.015629370565741974,0.0156293705657419,7.28583859910259e-17
2024-12-23,-0.03484029049976725,-0.0348402904997672,-4.85722573273506e-17
2024-12-24,0.009824427973029182,0.0098244279730291,8.153200337090993e-17
2024-12-25,-0.012097779741691496,-0.0120977797416914,-9.540979117872439e-17
2024-12-26,0.0188401101390232,0.0188401101390232,0.0
2024-12-27,0.005892249231743983,0.0058922492317439,8.326672684688674e-17
2024-12-30,-0.005223175840247927,-0.0052231758402479,-2.688821387764051e-17
2024-12-31,-0.03990846626624776,-0.0399084662662477,-5.551115123125783e-17
2025-01-02,-0.04394846774178261,-0.0439484677417826,-1.3877787807814457e-17
2025-01-03,-0.03379828554905194,-0.0337982855490519,-4.163336342344337e-17
2025-01-06,-0.011929999882650632,-0.0119299998826506,-3.122502256758253e-17
2025-01-07,0.018602301685496026,0.018602301685496,2.7755575615628914e-17
2025-01-08,0.0009782076263163447,0.0009782076263163,4.466912950640278e-17
2025-01-09,-0.0008062934286468151,-0.0008062934286468,-1.5070410197548512e-17
2025-01-10,-0.02375416691093511,-0.0237541669109351,-1.0408340855860843e-17
2025-01-13,-0.0035186540258608555,-0.0035186540258608,-5.551115123125783e-17
2025-01-14,0.0658245235806615,0.0658245235806615,0.0
2025-01-15,-0.005524323292839423,-0.0055243232928394,-2.3418766925686896e-17
2025-01-16,0.004750679973183756,0.0047506799731837,5.551115123125783e-17
2025-01-17,0.01343701113545166,0.0134370111354516,6.071532165918825e-17
2025-01-20,0.008560254840178763,0.0085602548401787,6.245004513516506e-17
2025-01-21,0.004315779522040592,0.0043157795220405,9.194034422677078e-17
2025-01-22,-0.01024696416576589,-0.0102469641657658,-9.020562075079397e-17
2025-01-23,-0.002023727158859029,-0.002023727158859,-2.905661822261152e-17
2025-01-24,0.03247806022165326,0.0324780602216532,6.245004513516506e-17
2025-01-27,-0.02182473391070748,-0.0218247339107074,-7.979727989493313e-17
2025-02-05,0.0018529715722670989,0.001852971572267,9.8879238130678e-17
2025-02-06,0.047902681241439225,0.0479026812414392,2.7755575615628914e-17
2025-02-07,0.025529415506921747,0.0255294155069217,4.85722573273506e-17
2025-02-10,0.02878138188182804,0.028781381881828,3.8163916471489756e-17
2025-02-11,-0.003044759946135207,-0.0030447599461352,-6.938893903907228e-18
2025-02-12,0.024601503082921247,0.0246015030829212,4.5102810375396984e-17
2025-02-13,-0.009394135112078055,-0.009394135112078,-5.551115123125783e-17
2025-02-14,0.0043333881425110035,0.004333388142511,3.469446951953614e-18
2025-02-17,0.0049970164899717515,0.0049970164899717,5.117434254131581e-17
2025-02-18,-0.03238783051694102,-0.032387830516941,-1.3877787807814457e-17
2025-02-19,0.03989811079511955,0.0398981107951195,4.85722573273506e-17
2025-02-20,0.015591719434424275,0.0155917194344242,7.45931094670027e-17
2025-02-21,0.03631207584187281,0.0363120758418728,6.938893903907228e-18
2025-02-24,-0.014266321037980173,-0.0142663210379801,-7.28583859910259e-17
2025-02-25,0.0012217482430751361,0.0012217482430751,3.621235256101585e-17
2025-02-26,0.01616154016306326,0.0161615401630632,5.898059818321144e-17
2025-02-27,-0.006882029856007999,-0.0068820298560079,-9.8879238130678e-17
2025-02-28,-0.04796308394971126,-0.0479630839497112,-5.551115123125783e-17
2025-03-03,-0.0013865525862325795,-0.0013865525862325,-7.958043946043603e-17
2025-03-04,0.021415012974743575,0.0214150129747435,7.632783294297951e-17
2025-03-05,0.005527072098726312,0.0055270720987263,1.214306433183765e-17
2025-03-06,0.05316068099679368,0.0531606809967936,7.632783294297951e-17
2025-03-07,-0.011110414179417463,-0.0111104141794174,-6.245004513516506e-17
2025-03-10,-0.004070748441039247,-0.0040707484410392,-4.683753385137379e-17
2025-03-11,0.011241057559427513,0.0112410575594275,1.3877787807814457e-17
2025-03-12,0.014328013214441429,0.0143280132144414,2.949029909160572e-17
2025-03-13,-0.027971038327834045,-0.027971038327834,-4.5102810375396984e-17
2025-03-14,0.03219537615283418,0.0321953761528341,8.326672684688674e-17
2025-03-17,0.0008833663881311096,0.0008833663881311,9.64939933512099e-18
2025-03-18,0.006041226979368291,0.0060412269793682,9.107298248878237e-17
2025-03-19,-0.009482456785873063,-0.009482456785873,-6.245004513516506e-17
2025-03-20,0.0008395461666531562,0.0008395461666531,5.616167253474913e-17
2025-03-21,-0.026626731662694286,-0.0266267316626942,-8.673617379884035e-17
2025-03-24,-0.016027402944805466,-0.0160274029448054,-6.591949208711867e-17
2025-03-25,-0.00043690296810360046,-0.0004369029681036,-4.336808689942018e-19
2025-03-26,0.00905207940869937,0.0090520794086993,7.112366251504909e-17
2025-03-27,0.00200372295126802,0.002003722951268,1.9949319973733282e-17
2025-03-28,-0.012241742254190105,-0.0122417422541901,-5.204170427930421e-18
2025-03-31,-0.012956643231008116,-0.0129566432310081,-1.5612511283791264e-17
2025-04-01,0.008302704694035917,0.0083027046940359,1.734723475976807e-17
2025-04-02,0.007002458095763923,0.0070024580957639,2.3418766925686896e-17
2025-04-03,-0.015076573943065738,-0.0150765739430657,-3.8163916471489756e-17
2025-04-07,-0.14848959612139356,-0.1484895961213935,-5.551115123125783e-17
2025-04-08,-0.03723258836627436,-0.0372325883662743,-6.245004513516506e-17
2025-04-09,0.04815443748661271,0.0481544374866127,6.938893903907228e-18
2025-04-10,0.031159169181876445,0.0311591691818764,4.5102810375396984e-17
2025-04-11,0.021821766966724433,0.0218217669667244,3.122502256758253e-17
2025-04-14,0.010467430109434931,0.0104674301094349,3.122502256758253e-17
2025-04-15,-0.002944345178613053,-0.002944345178613,-5.2909066017292616e-17
2025-04-16,-0.01773083414771872,-0.0177308341477187,-2.0816681711721685e-17
2025-04-17,0.013370276201135685,0.0133702762011356,8.500145032286355e-17
2025-04-18,-0.007922997002447899,-0.0079229970024478,-9.8879238130678e-17
2025-04-21,0.021112247627423454,0.0211122476274234,5.551115123125783e-17
2025-04-22,0.002651126326239002,0.002651126326239,2.168404344971009e-18
2025-04-23,0.009358648685292254,0.0093586486852922,5.377642775528102e-17
2025-04-24,-0.014181237797647055,-0.014181237797647,-5.551115123125783e-17
2025-04-25,0.005585513989888341,0.0055855139898883,4.0766001685454967e-17
2025-04-28,-0.009757549140595042,-0.0097575491405951,5.898059818321144e-17
2025-04-29,0.005723219253525038,0.005723219253525,3.729655473350135e-17
2025-04-30,0.0114302566841439,0.0114302566841439,0.0
2025-05-06,0.025470082977369815,0.0254700829773698,1.3877787807814457e-17
2025-05-07,0.00027489338442286356,0.0002748933844228,6.358845741627484e-17
2025-05-08,0.01994956018965541,0.0200734609359888,-0.00012390074633339063
2025-05-09,-0.009610981259312163,-0.0096354759232472,2.449466393503706e-05
2025-05-12,0.015179463056341274,0.0151794630563414,-1.249000902703301e-16
2025-05-13,-0.001278240004233594,-0.0012782400042335,-9.410874857174178e-17
2025-05-14,0.0020086126845485883,0.0020086126845485,8.847089727481716e-17
2025-05-15,-0.015711897452008614,-0.0157118974520086,-1.3877787807814457e-17
2025-05-16,0.0047896885093370615,0.0047896885093372,-1.3877787807814457e-16
2025-05-19,0.0021180567207709933,0.0021180567207709,9.324138683375338e-17
2025-05-20,0.009912533351029477,0.0099125333510294,7.806255641895632e-17
2025-05-21,-0.0025764522110551004,-0.0025764522110551,-4.336808689942018e-19
2025-05-22,-0.012176096288234461,-0.0121760962882344,-6.071532165918825e-17
2025-05-23,-0.01261515787341401,-0.0126151578734141,9.020562075079397e-17
2025-05-26,0.0038226734231995825,0.0038226734231995,8.239936510889834e-17
2025-05-27,-0.001762653154300772,-0.0017626531543007,-7.19910242530375e-17
2025-05-28,-0.006404322200110152,-0.0064043222001101,-5.204170427930421e-17
2025-05-29,0.02578678917607338,0.0257867891760733,7.979727989493313e-17
2025-05-30,-0.01584945248181326,-0.0158494524818132,-5.898059818321144e-17
2025-06-03,0.009222986199589209,0.0092229861995892,8.673617379884035e-18
2025-06-04,0.00948056480930515,0.0094805648093051,4.85722573273506e-17
2025-06-05,0.008946629700529457,0.0089466297005296,-1.43982048506075e-16
2025-06-06,-0.0020986710203858986,-0.0020986710203857,-1.986258379993444e-16
2025-06-09,0.014308491221321759,0.0143084912213217,5.898059818321144e-17
2025-06-10,-0.013373017005287612,-0.0133730170052876,-1.214306433183765e-17
2025-06-11,0.01173522618544626,0.0117352261854462,6.071532165918825e-17
2025-06-12,0.0003279549324549654,8.414702422887514e-05,0.00024380790822609025
2025-06-13,-0.013221677255381072,-0.013221677255381,-7.112366251504909e-17
2025-06-16,0.011704205987031903,0.0115562857583227,0.00014792022870920365
2025-06-17,-0.003999437822376621,-0.0040483809272463,4.894310486967899e-05
2025-06-18,0.0017244600455431358,0.0017244600455431,3.5778671692021646e-17
2025-06-19,-0.015315902826012629,-0.0153159028260126,-2.949029909160572e-17
2025-06-20,-0.00703583961265737,-0.0070358396126573,-6.938893903907228e-17
2025-06-23,0.011367403092936343,0.0113674030929363,4.336808689942018e-17
2025-06-24,0.02343788284769698,0.0234378828476969,7.979727989493313e-17
2025-06-25,0.020170965811712377,0.0201709658117123,7.632783294297951e-17
2025-06-26,-0.002888905611978268,-0.0028889056119782,-6.808789643208968e-17
2025-06-27,0.004273678565721878,0.0042736785657218,7.806255641895632e-17
2025-06-30,0.012907709243318329,0.0129077092433183,2.949029909160572e-17
2025-07-01,-0.0005321942484833831,-0.0005321942484833,-8.315830662963819e-17
2025-07-02,-0.010980235684744604,-0.0109802356847446,-5.204170427930421e-18
2025-07-03,0.009143888606374445,0.0091438886063744,4.5102810375396984e-17
2025-07-04,-0.006613320269142957,-0.0066133202691429,-5.724587470723463e-17
2025-07-07,0.0032857475403952363,0.0032857475403952,3.642919299551295e-17
2025-07-08,0.031354259016331605,0.0313542590163316,6.938893903907228e-18
2025-07-09,-0.0012919448924055936,-0.0012919448924055,-9.367506770274758e-17
2025-07-10,0.00648393242515982,0.0064839324251598,1.9949319973733282e-17
2025-07-11,0.02085287361123502,0.020852873611235,1.734723475976807e-17
2025-07-14,-0.0011659307465152402,-0.0011659307465152,-4.0115480381963664e-17
2025-07-15,-0.009352018295879769,-0.0093520182958797,-6.938893903907228e-17
2025-07-16,0.008860886091223225,0.0088608860912232,2.6020852139652106e-17
2025-07-17,0.024274545883536013,0.024274545883536,1.3877787807814457e-17
2025-07-18,0.002727831788804004,0.002727831788804,3.903127820947816e-18
2025-07-21,0.02028336180241267,0.0202833618024126,6.938893903907228e-17
2025-07-22,0.006581487213123244,0.0065814872131232,4.423544863740858e-17
2025-07-23,0.000392488436230754,0.0003924884362307,5.4047478298402396e-17
2025-07-24,0.027999210995232806,0.0279992109952328,6.938893903907228e-18
2025-07-25,-2.857268449324717e-06,-2.857268449324717e-06,0.0
2025-07-28,0.003131970887148939,0.0031319708871489,3.903127820947816e-17
2025-07-29,0.008805961491517088,0.008805961491517,8.847089727481716e-17
2025-07-30,-0.010904114258400094,-0.0109041142584,-9.367506770274758e-17
2025-07-31,-0.017389813535891877,-0.0173898135358918,-7.632783294297951e-17
2025-08-01,0.007357602438612307,0.0073576024386123,6.938893903907228e-18
2025-08-04,0.020494688939491214,0.0204946889394912,1.3877787807814457e-17
2025-08-05,0.014517204193361116,0.0145172041933611,1.5612511283791264e-17
2025-08-06,0.027501301735048347,0.0275013017350483,4.85722573273506e-17
2025-08-07,-0.003920896706916732,-0.0039208967069167,-3.209238430557093e-17
2025-08-08,-0.0017697686222955867,-0.0017697686222955,-8.673617379884035e-17
2025-08-11,0.033363635565951365,0.0333636355659513,6.245004513516506e-17
2025-08-12,0.005181783738526758,0.0051817837385267,5.724587470723463e-17
2025-08-13,0.031697954460155574,0.0316979544601555,7.632783294297951e-17
2025-08-14,-0.0160419069758305,-0.0160419069758305,0.0
2025-08-15,0.028378999155436534,0.0283789991554365,3.469446951953614e-17
2025-08-18,0.030361091663403082,0.030361091663403,8.326672684688674e-17
2025-08-19,0.0021093062354947765,0.0021093062354947,7.632783294297951e-17
2025-08-20,0.010936191022271724,0.0109361910222717,2.42861286636753e-17
2025-08-21,-0.01129368611873124,-0.0112936861187312,-4.163336342344337e-17
2025-08-22,0.03575846715183738,0.0357584671518373,7.632783294297951e-17
2025-08-25,0.027803219093118652,0.0278032190931186,5.204170427930421e-17
2025-08-26,0.006293126538942429,0.0062931265389424,2.949029909160572e-17
2025-08-27,-0.021349592567043003,-0.021349592567043,-3.469446951953614e-18
2025-08-28,-0.010098793668532882,-0.0100987936685328,-8.153200337090993e-17
2025-08-29,0.009042167124805935,0.0090421671248059,3.469446951953614e-17
2025-09-01,0.01025489171555759,0.0102548917155575,8.847089727481716e-17
2025-09-02,-0.041593612706958105,-0.0415936127069581,-6.938893903907228e-18
2025-09-03,-0.01829550048948176,-0.0182955004894817,-5.898059818321144e-17
2025-09-04,-0.039142091172647255,-0.0391420911726472,-5.551115123125783e-17
2025-09-05,0.04982945993968385,0.0498294599396838,4.85722573273506e-17
2025-09-08,0.009038710121840402,0.0090387101218404,1.734723475976807e-18
2025-09-09,-0.019393303813620685,-0.0193933038136206,-8.673617379884035e-17
2025-09-10,0.004981093240238111,0.0049810932402381,1.1275702593849246e-17
2025-09-11,0.03920142445865425,0.0392014244586542,5.551115123125783e-17
2025-09-12,0.007608982881252879,0.0076089828812528,7.892991815694472e-17
2025-09-15,-0.0028176879181376537,-0.0028176879181376,-5.377642775528102e-17
2025-09-16,0.013801851740459468,0.0138018517404594,6.765421556309548e-17
2025-09-17,0.017996791998344884,0.0179967919983448,8.326672684688674e-17
2025-09-18,-0.018608455209994913,-0.0186084552099949,-1.3877787807814457e-17
2025-09-19,3.13988139733053e-05,3.13988139733053e-05,0.0
2025-09-22,0.002869981910512989,0.0028699819105129,8.890457814381136e-17
2025-09-23,-0.02481157966834457,-0.0248115796683445,-6.938893903907228e-17
2025-09-24,0.042264869608597856,0.0422648696085978,5.551115123125783e-17
2025-09-25,0.0005432469649401427,0.0005432469649401,4.2717565595928875e-17
2025-09-26,-0.01903732887254136,-0.0190373288725413,-6.245004513516506e-17
2025-09-29,0.022095997082790215,0.0220959970827902,1.3877787807814457e-17
2025-09-30,0.017491007000884195,0.0174910070008841,9.367506770274758e-17
2025-10-09,0.012751613500101958,0.0127516135001019,5.898059818321144e-17
2025-10-10,-0.01943086105715115,-0.0194308610571511,-4.85722573273506e-17
2025-10-13,-0.009222027624951367,-0.0092220276249513,-6.765421556309548e-17
2025-10-14,-0.026983636495760927,-0.0269836364957609,-2.7755575615628914e-17
2025-10-15,0.023240462122876733,0.0232404621228767,3.469446951953614e-17
2025-10-16,-0.011566309222891102,-0.0115663092228911,-1.734723475976807e-18
2025-10-17,-0.03342879489950619,-0.0334287948995061,-9.020562075079397e-17
2025-10-20,0.00652566569125772,0.0065256656912577,1.9949319973733282e-17
2025-10-21,0.029162153910828593,0.0291621539108285,9.367506770274758e-17
2025-10-22,-0.006947719998501811,-0.0069477199985018,-1.1275702593849246e-17
2025-10-23,-0.006732001813586752,-0.0067320018135867,-5.204170427930421e-17
2025-10-24,0.028664888944582346,0.0286648889445823,4.5102810375396984e-17
2025-10-27,0.013096272584849512,0.0130962725848495,1.214306433183765e-17
2025-10-28,0.001806018784110841,0.0018060187841108,4.098284211995207e-17
2025-10-29,0.018025682091152784,0.0180256820911527,8.326672684688674e-17
2025-10-30,-0.012967142695158706,-0.0129671426951587,-5.204170427930421e-18
2025-10-31,0.00538738386340547,0.0053873838634054,7.025630077706069e-17
2025-11-03,0.0015512569300987656,0.0015512569300987,6.548581121812447e-17
2025-11-04,-0.03596884509995588,-0.0359688450999558,-8.326672684688674e-17
2025-11-05,0.0165311924211771,0.0165311924211771,0.0
2025-11-06,0.0174418589471255,0.0174418589471255,0.0
2025-11-07,0.0025818493397216425,0.0025818493397216,4.2500725161431774e-17
2025-11-10,0.0017836156904823763,0.0017836156904823,7.632783294297951e-17
2025-11-11,-0.0032600979298701206,-0.0032600979298701,-2.0383000842727483e-17
2025-11-12,-0.010531696882794516,-0.0105316968827945,-1.5612511283791264e-17
2025-11-13,0.027708324428921925,0.0277083244289219,2.42861286636753e-17
2025-11-14,-0.011396483987168837,-0.0113964839871688,-3.642919299551295e-17
2025-11-17,-0.001871288185439779,-0.0018712881854397,-7.892991815694472e-17
2025-11-18,-0.018833581994558958,-0.0188335819945589,-5.898059818321144e-17
2025-11-19,-0.008021155995484985,-0.0080211559954849,-8.500145032286355e-17
2025-11-20,-0.006715648604551716,-0.0067156486045517,-1.6479873021779667e-17
2025-11-21,-0.04614668982815946,-0.0461466898281594,-6.245004513516506e-17
2025-11-24,0.016138534267815686,0.0161385342678156,8.673617379884035e-17
2025-11-25,0.015082234574528442,0.0150822345745284,4.163336342344337e-17
2025-11-26,0.000440415021113405,0.0004404150211134,4.9873299934333204e-18
2025-11-27,0.0016930001871124257,0.0016930001871124,2.5587171270657905e-17
2025-11-28,0.01203548639915224,0.0120354863991522,3.9898639947466563e-17
2025-12-01,0.007554378831899622,0.0075543788318996,2.168404344971009e-17
2025-12-02,-0.0099821477940641,-0.0099821477940641,0.0
2025-12-03,-0.010671679276409506,-0.0106716792764095,-6.938893903907228e-18
2025-12-04,0.0039473906474187135,0.0039473906474187,1.3877787807814457e-17
2025-12-05,0.022427093389083042,0.022427093389083,4.163336342344337e-17
2025-12-08,0.01557454248233341,0.0155745424823334,1.0408340855860843e-17
2025-12-09,-0.007042562962805987,-0.0070425629628059,-8.760353553682876e-17
2025-12-10,0.005410073351394462,0.0054100733513944,6.158268339717665e-17
2025-12-11,-0.014704403318848558,-0.0147044033188485,-5.898059818321144e-17
2025-12-12,0.01340974803711451,0.0134097480371145,1.0408340855860843e-17
2025-12-15,-0.01234215267208657,-0.0123421526720865,-7.112366251504909e-17
2025-12-16,-0.031471071331882615,-0.0314710713318826,-1.3877787807814457e-17
2025-12-17,0.026899348338985697,0.0268993483389856,9.71445146547012e-17
2025-12-18,-0.001623651211910071,-0.00162365121191,-7.090682208055199e-17
2025-12-19,0.0096616419088164,0.0096616419088164,0.0
2025-12-22,0.01927002290775128,0.0192700229077512,8.326672684688674e-17
2025-12-23,-0.003977770543944192,-0.0039777705439441,-9.194034422677078e-17
2025-12-24,0.036941659761780786,0.0369416597617807,8.326672684688674e-17
2025-12-25,0.02268176737594487,0.0226817673759448,6.938893903907228e-17
2025-12-26,0.009782628779377767,0.0097826287793777,6.765421556309548e-17
2025-12-29,-0.004850006087327862,-0.0048500060873278,-6.245004513516506e-17
2025-12-30,0.005694849698782445,0.0056948496987824,4.5102810375396984e-17
2025-12-31,-0.00516401622007443,-0.0051640162200744,-2.949029909160572e-17
2026-01-05,0.044323664321567334,0.0443236643215673,3.469446951953614e-17
2026-01-06,0.026068554549529298,0.0260685545495292,9.71445146547012e-17
2026-01-07,0.010491448288565665,0.0104914482885656,6.418476861114186e-17
2026-01-08,0.013085556419442883,0.0130855564194428,8.326672684688674e-17
2026-01-09,0.046320371239558206,0.0463203712395582,6.938893903907228e-18
2026-01-12,0.03816511617603544,0.0381651161760354,4.163336342344337e-17
2026-01-13,-0.017085090074695573,-0.0170850900746955,-7.28583859910259e-17
2026-01-14,-0.00010189621385539275,-0.0001018962138555,1.0725469991312853e-16
2026-01-15,-0.002659270634995743,-0.0026592706349957,-4.2934406030425976e-17
2026-01-16,0.003273707870010969,0.0032737078700109,6.895525817007808e-17
2026-01-19,0.0038626691332027474,0.0038626691332027,4.7271214720367993e-17
2026-01-20,-0.012176815460291429,-0.0121768154602914,-2.949029909160572e-17
2026-01-21,0.011362216464123718,0.0113622164641237,1.9081958235744878e-17
2026-01-22,0.004357503753279547,0.0043575037532797,-1.5352302762394743e-16
2026-01-23,0.018841764140954582,0.0188417641409548,-2.185751579730777e-16
2026-01-26,-0.012024782406332634,-0.0120247824063326,-3.2959746043559335e-17
2026-01-27,0.0030090886495853053,0.0030090886495853,5.204170427930421e-18
2026-01-28,0.0014712625218170664,0.001471262521817,6.635317295611287e-17
2026-01-29,-0.0015768981164632162,-0.0013246276147253,-0.00025227050173791616
2026-01-30,-0.00249202932214038,-0.0024920293221403,-8.023096076392733e-17
2026-02-02,-0.010742119086652282,-0.0107421190866523,1.734723475976807e-17
2026-02-03,0.008636682881444459,0.0086366828814446,-1.4051260155412137e-16
2026-02-04,-0.001336240861659958,-0.0013362408616599,-5.811323644522304e-17
2026-02-05,-0.004971750492779978,-0.0049717504927799,-7.806255641895632e-17
2026-02-06,0.0007439333004192092,0.0007439333004192,9.107298248878237e-18
2026-02-09,0.007326674080195169,0.0073266740801951,6.938893903907228e-17
2026-02-10,0.0009684319202587096,0.0009684319202587,9.540979117872439e-18
2026-02-11,-1.8414836370983853e-06,-1.8414836370983851e-06,-2.117582368135751e-22
2026-02-12,0.004095146132830227,0.0040951461328302,2.688821387764051e-17
2026-02-13,-0.0055429086027361145,-0.0055429086027361,-1.474514954580286e-17
2026-02-24,0.004119095569393687,0.0041190955693936,8.760353553682876e-17
2026-02-25,0.0064894333310986235,0.0064894333310986,2.3418766925686896e-17
2026-02-26,0.0014509942153330038,0.001450994215333,3.686287386450715e-18
2026-02-27,0.0029491088446917417,0.0029491088446917,4.163336342344337e-17
2026-03-02,-0.0031329359686066115,-0.0031329359686066,-1.1275702593849246e-17
2026-03-03,-0.00951534367022082,-0.0095153436702208,-2.0816681711721685e-17
2026-03-04,-0.002376539306550178,-0.0023765393065501,-7.806255641895632e-17
2026-03-05,0.001403119116891664,0.0014031191168916,6.418476861114186e-17
2026-03-06,0.00620090349379194,0.0062009034937921,-1.5959455978986625e-16
2026-03-09,-0.00101316624891463,-0.0010131662489147,7.003946034256359e-17
2026-03-10,0.006021341227666308,0.0060213412276663,7.806255641895632e-18
2026-03-11,0.0008394350307342964,0.0008394350307342,9.638557313396134e-17
2026-03-12,-0.0007236110300476135,-0.0007236110300476,-1.3444106938820255e-17
2026-03-13,-0.002660182884784503,-0.0026601828847845,-3.0357660829594124e-18
2026-03-16,-0.0017220769149446174,-0.0017220769149446,-1.734723475976807e-17
2026-03-17,-0.007803561871142494,-0.0078035618711424,-9.367506770274758e-17
2026-03-18,0.002418385220599172,0.0024183852205991,7.19910242530375e-17
2026-03-19,-0.007930040138888556,-0.0079300401388885,-5.551115123125783e-17
2026-03-20,-0.0003534302314801785,-0.0003534302314801,-7.849623728795052e-17
2026-03-23,-0.02764377077517468,-0.0276437707751746,-7.979727989493313e-17
2026-03-24,0.011894394866775687,0.0118943948667756,8.673617379884035e-17
2026-03-25,0.0037243022003962964,0.0037243022003962,9.627715291671279e-17
2026-03-26,-0.006283336913651403,-0.0062833369136514,-3.469446951953614e-18
2026-03-27,0.007513538641920966,0.0075135386419209,6.591949208711867e-17
2026-03-30,0.0011112526895305543,0.0011112526895305,5.421010862427522e-17
2026-03-31,-0.007392774966832426,-0.0073927749668324,-2.6020852139652106e-17
2026-04-01,0.0058006144740030356,0.005800614474003,3.5561831257524545e-17
2026-04-02,-0.00926781531027707,-0.009267815310277,-6.938893903907228e-17
2026-04-03,-0.0011308307848123186,-0.0011308307848124,8.131516293641283e-17
2026-04-07,0.002019892296457558,0.0020198922964575,5.767955557622884e-17
2026-04-08,0.023069853913142563,0.0230698539131425,6.245004513516506e-17
2026-04-09,-0.0013546168875998694,-0.0013546168875998,-6.938893903907228e-17
2026-04-10,0.007340776533688427,0.0073409123222644,-1.3578857597281585e-07
2026-04-13,0.0006471570767874841,0.0006660621938962,-1.8905117108715896e-05
2026-04-14,0.005075528091195226,0.0051882285645556,-0.00011270047336037377
2026-04-15,0.0012953350382003267,0.0014189998023714,-0.00012366476417107332
2026-04-16,0.010769190896174572,0.0109915210851541,-0.00022233018897952796
2026-04-17,0.005674413506975849,0.0061362774809284,-0.0004618639739525513
2026-04-20,0.004555374955079377,0.0043506020695412,0.0002047728855381764
2026-04-21,-0.0017734744296446546,-0.0017734744296446,-5.4643789493269423e-17
2026-04-22,0.007792997173391591,0.0077929971733915,9.107298248878237e-17
2026-04-23,-0.005931703950085863,-0.0059317039500858,-6.331740687315346e-17
2026-04-24,8.574808722143403e-05,8.574808722143405e-05,-1.3552527156068805e-20
2026-04-27,-0.0015649465302844607,-0.0015649465302843,-1.6067876196235176e-16
2026-04-28,-0.009318753101922969,-0.0093187531019229,-6.938893903907228e-17
2026-04-29,0.010032552873414051,0.010032552873414,5.204170427930421e-17
2026-04-30,0.00066227261076002,0.00066227261076,2.0057740190981832e-17
2026-05-06,0.013397937341623594,0.0133979373416235,9.367506770274758e-17
2026-05-07,0.013466248746263084,0.013466248746263,8.500145032286355e-17
2026-05-08,0.003154636027558985,0.0031546360275589,8.500145032286355e-17
2026-05-11,0.01009364201901122,0.0100936420190114,-1.8041124150158794e-16
2026-05-12,-0.002584056209209486,-0.0025840562092094,-8.586881206085195e-17
2026-05-13,0.011556227194153538,0.0115562271941535,3.8163916471489756e-17
2026-05-14,-0.005992537428422805,-0.0059925374284229,9.454242944073599e-17
2026-05-15,-0.01291154633195831,-0.0129115463319583,-8.673617379884035e-18
2026-05-18,-0.0010870985573191104,-0.0010870985573191,-1.0408340855860843e-17
2026-05-19,0.005987525324535757,0.0059875253245357,5.724587470723463e-17
2026-05-20,0.00016844423128162868,0.0001684442312814,2.28685343231505e-16
2026-05-21,-0.0035882667170426858,-0.0035882667170426,-8.586881206085195e-17
2026-05-22,0.0011453525168789698,0.0011453525168791,-1.3010426069826053e-16
2026-05-25,-0.0019328978296272957,-0.0020374265209242,0.00010452869129690449
2026-05-26,-0.004734683302169077,-0.004734683302169,-7.719519468096792e-17
2026-05-27,-0.0002669995448080774,-0.000266999544808,-7.741203511546502e-17
2026-05-28,0.0015731380218092152,0.0015731380218092,1.5178830414797062e-17
2026-05-29,-0.005161813100041157,-0.0051618131000411,-5.724587470723463e-17
2026-06-01,0.00045595256685825465,0.000455952566858,2.546248802082207e-16
2026-06-02,0.00040851567372782464,0.0004085156737278,2.4665599424045226e-17
2026-06-03,-0.00031916247234295084,-0.0003191624723429,-5.084908188957016e-17
2026-06-04,-0.0002776483884717076,-0.0002776483884717,-7.643625316022806e-18
2026-06-05,0.0015231764529709097,0.0015231764529709,9.75781955236954e-18
2026-06-08,-0.003966763870279036,-0.003966763870279,-3.642919299551295e-17
2026-06-09,0.004527479096576009,0.0045274790965762,-1.9081958235744878e-16
2026-06-10,-0.0034034824262885997,-0.0034034824262885,-9.974659986866641e-17
2026-06-11,-0.0012675585181414247,-0.0012675585181414,-2.47198095326695e-17
2026-06-12,0.0028145018415156415,0.0028145018415156,4.163336342344337e-17
2026-06-15,0.009660565546754596,0.0096605655467548,-2.0469737016526324e-16
2026-06-16,0.006455008781494829,0.006455008781495,-1.708702623837155e-16
2026-06-17,0.0026598674899758227,0.0026598674899758,2.2551405187698492e-17
2026-06-18,0.0025481578738542434,0.0025481578738542,4.336808689942018e-17
2026-06-22,-0.0006519141139202966,-0.00064906936344,-2.8447504802965075e-06
2026-06-23,-0.002804128245360081,-0.0055815594564571,0.002777431211097019
2026-06-24,0.001954435797122739,0.0041024777808409,-0.002148041983718161
2026-06-25,0.00019128767975970667,0.0009662037996305,-0.0007749161198707933
2026-06-26,-0.003247407945398356,-0.0082462822821919,0.004998874336793545
2026-06-29,-0.004146756598514366,-0.0043390720916039,0.0001923154930895338
2026-06-30,0.017404618940922933,0.0189196168303096,-0.0015149978893866656
2026-07-01,0.0027442260245020265,0.0029079705202757,-0.00016374449577367337
2026-07-02,-0.003136284090934249,-0.0074608908845933,0.004324606793659052
2026-07-03,-0.002339090368668742,-0.0010559215910159,-0.001283168777652842
2026-07-06,-0.008505856947867266,-0.0123416406855449,0.003835783737677633
2026-07-07,-0.007188079988219586,-0.0124883184703006,0.0053002384820810145
2026-07-08,0.0008145350186932101,-0.0013345931744699,0.00214912819316311
2026-07-09,0.0023636356210285305,0.0023636356210285,3.0357660829594124e-17
2026-07-10,0.001639679993359474,0.0016396799933594,7.39425881635114e-17
2026-07-13,-0.01433687923939227,-0.0143368792393922,-6.938893903907228e-17
2026-07-14,-0.0006369927113645849,-0.0006369927113645,-8.4893030105615e-17
2026-07-15,0.0006862088850936176,0.0006862088850936,1.7672495411513722e-17
2026-07-16,-0.0010457266642558258,-0.0010457266642558,-2.5804011705155006e-17
2026-07-17,0.009724977885512558,0.0097249778855125,5.898059818321144e-17
2026-07-20,-0.006164496175681569,-0.0061644961756815,-6.938893903907228e-17
2026-07-21,0.010170634138842085,0.010170634138842,8.500145032286355e-17
2026-07-22,-0.00461154027074763,-0.0046115402707476,-3.0357660829594124e-17
2026-07-23,-0.0010272616268052449,-0.0010272616268051,-1.448494102440634e-16
2026-07-24,-0.0037362718922309608,-0.0037362718922309,-6.071532165918825e-17
2026-07-27,0.00348695235146241,0.0034869523514624,9.974659986866641e-18
2026-07-28,-0.004170664153262862,-0.0041706641532628,-6.158268339717665e-17
2026-07-29,0.003488302863555762,0.0034883028635557,6.201636426617085e-17
2026-07-30,-0.0008913642636323935,-0.0008913642636323,-9.356664748549903e-17
2026-07-31,0.0025632549375221377,0.0025632549375223,-1.6219664500383146e-16
2026-08-03,-0.0025899137153221913,-0.0025899137153221,-9.150666335777657e-17
2026-08-04,0.006203309126130013,0.00620330912613,1.3010426069826053e-17
2026-08-05,0.009097639171221571,0.0090976391712215,7.112366251504909e-17
2026-08-06,0.002954914292988027,0.0029555883172907,-6.740243026731423e-07
2026-08-07,0.008860713482108448,0.0098923288985366,-0.001031615416428152
2026-08-10,0.0038007896747035523,0.0041453347693788,-0.0003445450946752476
2026-08-11,0.0009313726546901521,0.0010490268630095,-0.0001176542083193479
2026-08-12,0.004428119373353018,0.0050428833133437,-0.0006147639399906816
2026-08-13,-0.00039628923940292026,-0.0004446371290922,4.834788968927973e-05
2026-08-14,-0.0005859731296811821,-0.0004682253415206,-0.00011774778816058207
