arm,window,start,end,rows,raw_abs_flips,raw_abs_up,raw_abs_down,effective_abs_flips,effective_abs_up,effective_abs_down,abs_only_base_signals,clean_abs_execution_trades,trade_days,buy_days,sell_days,turnover,model_cost_sum,nav_gate_flip_days
new_abs20_static,Full,2007-01-15,2026-09-30,4792,409,204,205,409,204,205,174,166,466,228,238,188,0.188,111
new_abs20_static,10Y,2016-09-30,2026-09-30,2428,234,117,117,234,117,117,102,102,217,105,112,75.5,0.0755,16
new_abs20_static,5Y,2021-09-30,2026-09-30,1212,116,58,58,116,58,58,50,50,107,54,53,39.5,0.0395,16
new_abs20_static,3Y,2023-10-09,2026-09-30,726,60,30,30,60,30,30,22,22,58,30,28,25.25,0.02525,16
new_abs20_static,1Y,2025-09-30,2026-09-30,242,27,13,14,27,13,14,4,4,18,8,10,10.5,0.0105,5
new_abs20_static,since_effective_signal,2026-09-16,2026-09-30,10,2,1,1,2,1,1,0,0,0,0,0,0,0,0
new_abs20_static,before_effective_signal,2007-01-15,2026-09-15,4782,407,203,204,407,203,204,174,166,466,228,238,188,0.188,111
new_abs20_debounce_all,Full,2007-01-15,2026-09-30,4792,409,204,205,238,119,119,136,127,439,225,214,173,0.173,127
new_abs20_debounce_all,10Y,2016-09-30,2026-09-30,2428,234,117,117,130,65,65,71,70,189,95,94,64,0.064,20
new_abs20_debounce_all,5Y,2021-09-30,2026-09-30,1212,116,58,58,58,29,29,29,28,89,45,44,33.5,0.0335,20
new_abs20_debounce_all,3Y,2023-10-09,2026-09-30,726,60,30,30,40,20,20,16,15,55,28,27,24.25,0.02425,20
new_abs20_debounce_all,1Y,2025-09-30,2026-09-30,242,27,13,14,21,10,11,4,4,18,8,10,10.5,0.0105,5
new_abs20_debounce_all,since_effective_signal,2026-09-16,2026-09-30,10,2,1,1,2,1,1,0,0,0,0,0,0,0,0
new_abs20_debounce_all,before_effective_signal,2007-01-15,2026-09-15,4782,407,203,204,236,118,118,136,127,439,225,214,173,0.173,127
new_abs20_debounce_dated,Full,2007-01-15,2026-09-30,4792,409,204,205,409,204,205,174,166,466,228,238,188,0.188,111
new_abs20_debounce_dated,10Y,2016-09-30,2026-09-30,2428,234,117,117,234,117,117,102,102,217,105,112,75.5,0.0755,16
new_abs20_debounce_dated,5Y,2021-09-30,2026-09-30,1212,116,58,58,116,58,58,50,50,107,54,53,39.5,0.0395,16
new_abs20_debounce_dated,3Y,2023-10-09,2026-09-30,726,60,30,30,60,30,30,22,22,58,30,28,25.25,0.02525,16
new_abs20_debounce_dated,1Y,2025-09-30,2026-09-30,242,27,13,14,27,13,14,4,4,18,8,10,10.5,0.0105,5
new_abs20_debounce_dated,since_effective_signal,2026-09-16,2026-09-30,10,2,1,1,2,1,1,0,0,0,0,0,0,0,0
new_abs20_debounce_dated,before_effective_signal,2007-01-15,2026-09-15,4782,407,203,204,407,203,204,174,166,466,228,238,188,0.188,111
new_abs40_static,Full,2007-01-15,2026-09-30,4792,261,130,131,261,130,131,119,116,413,218,195,163.5,0.1635,109
new_abs40_static,10Y,2016-09-30,2026-09-30,2428,151,75,76,151,75,76,65,65,178,97,81,63,0.063,14
new_abs40_static,5Y,2021-09-30,2026-09-30,1212,71,35,36,71,35,36,29,29,84,46,38,31.5,0.0315,14
new_abs40_static,3Y,2023-10-09,2026-09-30,726,44,22,22,44,22,22,17,17,51,28,23,21.75,0.02175,14
new_abs40_static,1Y,2025-09-30,2026-09-30,242,15,7,8,15,7,8,3,3,17,8,9,9.5,0.0095,5
new_abs40_static,since_effective_signal,2026-09-16,2026-09-30,10,4,2,2,4,2,2,0,0,0,0,0,0,0,0
new_abs40_static,before_effective_signal,2007-01-15,2026-09-15,4782,257,128,129,257,128,129,119,116,413,218,195,163.5,0.1635,109
new_abs40_debounce_all,Full,2007-01-15,2026-09-30,4792,261,130,131,156,78,78,77,76,366,194,172,147,0.147,101
new_abs40_debounce_all,10Y,2016-09-30,2026-09-30,2428,151,75,76,89,44,45,43,43,154,83,71,54.5,0.0545,12
new_abs40_debounce_all,5Y,2021-09-30,2026-09-30,1212,71,35,36,43,21,22,22,22,75,41,34,28,0.028,12
new_abs40_debounce_all,3Y,2023-10-09,2026-09-30,726,44,22,22,26,13,13,14,14,46,25,21,19.25,0.01925,12
new_abs40_debounce_all,1Y,2025-09-30,2026-09-30,242,15,7,8,7,3,4,3,3,17,8,9,9.5,0.0095,5
new_abs40_debounce_all,since_effective_signal,2026-09-16,2026-09-30,10,4,2,2,2,1,1,0,0,0,0,0,0,0,0
new_abs40_debounce_all,before_effective_signal,2007-01-15,2026-09-15,4782,257,128,129,154,77,77,77,76,366,194,172,147,0.147,101
old_abs20_static,Full,2007-01-15,2026-09-30,4792,409,204,205,409,204,205,172,166,466,229,237,188.5,0.1885,105
old_abs20_static,10Y,2016-09-30,2026-09-30,2428,234,117,117,234,117,117,100,100,219,106,113,77,0.077,18
old_abs20_static,5Y,2021-09-30,2026-09-30,1212,116,58,58,116,58,58,49,49,106,53,53,39,0.039,16
old_abs20_static,3Y,2023-10-09,2026-09-30,726,60,30,30,60,30,30,21,21,57,30,27,25.25,0.02525,16
old_abs20_static,1Y,2025-09-30,2026-09-30,242,27,13,14,27,13,14,4,4,18,8,10,10.5,0.0105,5
old_abs20_static,since_effective_signal,2026-09-16,2026-09-30,10,2,1,1,2,1,1,0,0,0,0,0,0,0,0
old_abs20_static,before_effective_signal,2007-01-15,2026-09-15,4782,407,203,204,407,203,204,172,166,466,229,237,188.5,0.1885,105
old_abs20_debounce_dated,Full,2007-01-15,2026-09-30,4792,409,204,205,409,204,205,172,166,466,229,237,188.5,0.1885,105
old_abs20_debounce_dated,10Y,2016-09-30,2026-09-30,2428,234,117,117,234,117,117,100,100,219,106,113,77,0.077,18
old_abs20_debounce_dated,5Y,2021-09-30,2026-09-30,1212,116,58,58,116,58,58,49,49,106,53,53,39,0.039,16
old_abs20_debounce_dated,3Y,2023-10-09,2026-09-30,726,60,30,30,60,30,30,21,21,57,30,27,25.25,0.02525,16
old_abs20_debounce_dated,1Y,2025-09-30,2026-09-30,242,27,13,14,27,13,14,4,4,18,8,10,10.5,0.0105,5
old_abs20_debounce_dated,since_effective_signal,2026-09-16,2026-09-30,10,2,1,1,2,1,1,0,0,0,0,0,0,0,0
old_abs20_debounce_dated,before_effective_signal,2007-01-15,2026-09-15,4782,407,203,204,407,203,204,172,166,466,229,237,188.5,0.1885,105
