signal_date,expected_execution_date,action,fear_greed_index,grid_target_before,grid_target_after,terminal_unexecuted,valuation_score,fear_entry_cause,arm
2022-09-30,2022-10-10,BUY_NEXT_OPEN,28.56,0.0,0.5,False,0.4941301173402866,valuation_only,FIX10_full
2022-12-05,2022-12-06,SELL_NEXT_OPEN,70.11,0.5,0.0,False,1.0281645224171543,valuation_exit,FIX10_full
2024-01-22,2024-01-23,BUY_NEXT_OPEN,16.69,0.0,0.5,False,0.3686999785361661,both,FIX10_full
2024-01-25,2024-01-26,SELL_NEXT_OPEN,54.4,0.5,0.0,False,0.6325288162936076,fear_exit,FIX10_full
2024-01-29,2024-01-30,BUY_NEXT_OPEN,20.19,0.0,0.5,False,0.5295813184542253,fear_only,FIX10_full
2024-02-08,2024-02-19,SELL_NEXT_OPEN,61.26,0.5,0.0,False,0.6593733491968998,fear_exit,FIX10_full
2024-08-05,2024-08-06,BUY_NEXT_OPEN,19.03,0.0,0.5,False,0.5445854870003879,fear_only,FIX10_full
2024-08-15,2024-08-16,SELL_NEXT_OPEN,54.62,0.5,0.0,False,0.5827308066083573,fear_exit,FIX10_full
2024-08-20,2024-08-21,BUY_NEXT_OPEN,27.94,0.0,0.5,False,0.4743496225665408,valuation_only,FIX10_full
2024-09-30,2024-10-08,SELL_NEXT_OPEN,99.87,0.5,0.0,False,1.221681927710843,valuation_exit,FIX10_full
2025-01-03,2025-01-06,BUY_NEXT_OPEN,21.13,0.0,0.5,False,0.8441137558458314,fear_only,FIX10_full
2025-01-14,2025-01-15,SELL_NEXT_OPEN,53.04,0.5,0.0,False,0.9413282221170529,fear_exit,FIX10_full
2025-04-07,2025-04-08,BUY_NEXT_OPEN,9.04,0.0,0.5,False,0.7678135458167327,fear_only,FIX10_full
2025-05-06,2025-05-07,SELL_NEXT_OPEN,50.0,0.5,0.0,False,0.9668952113554827,fear_exit,FIX10_full
2025-11-21,2025-11-24,BUY_NEXT_OPEN,22.17,0.0,0.5,False,1.4356017762975297,fear_only,FIX10_full
2025-11-28,2025-12-01,SELL_NEXT_OPEN,53.39,0.5,0.0,False,1.5262240950837318,fear_exit,FIX10_full
2026-03-03,2026-03-04,BUY_NEXT_OPEN,21.1,0.0,0.5,False,1.8819235592438914,fear_only,FIX10_full
2026-03-06,2026-03-09,SELL_NEXT_OPEN,51.55,0.5,0.0,False,1.8987419613228058,fear_exit,FIX10_full
2026-03-23,2026-03-24,BUY_NEXT_OPEN,16.91,0.0,0.5,False,1.674593531958238,fear_only,FIX10_full
2026-03-25,2026-03-26,SELL_NEXT_OPEN,50.07,0.5,0.0,False,1.768898719467013,fear_exit,FIX10_full
2026-04-03,2026-04-07,BUY_NEXT_OPEN,21.77,0.0,0.5,False,1.7154522542775072,fear_only,FIX10_full
2026-04-08,2026-04-09,SELL_NEXT_OPEN,55.27,0.5,0.0,False,1.7800000000000002,fear_exit,FIX10_full
2026-07-13,2026-07-14,BUY_NEXT_OPEN,23.09,0.0,0.5,False,1.986284601153553,fear_only,FIX10_full
2026-08-12,2026-08-13,SELL_NEXT_OPEN,50.99,0.5,0.0,False,1.9293645861000444,fear_exit,FIX10_full
2022-09-30,2022-10-10,BUY_NEXT_OPEN,28.56,0.0,0.5,False,0.4941301173402866,valuation_only,FIX11_full
2022-12-05,2022-12-06,SELL_NEXT_OPEN,70.11,0.5,0.0,False,1.0281645224171543,valuation_exit,FIX11_full
2024-01-22,2024-01-23,BUY_NEXT_OPEN,16.69,0.0,0.5,False,0.3686999785361661,both,FIX11_full
2024-01-25,2024-01-26,SELL_NEXT_OPEN,54.4,0.5,0.0,False,0.6325288162936076,fear_exit,FIX11_full
2024-01-29,2024-01-30,BUY_NEXT_OPEN,20.19,0.0,0.5,False,0.5295813184542253,fear_only,FIX11_full
2024-02-08,2024-02-19,SELL_NEXT_OPEN,61.26,0.5,0.0,False,0.6593733491968998,fear_exit,FIX11_full
2024-08-05,2024-08-06,BUY_NEXT_OPEN,19.03,0.0,0.5,False,0.5445854870003879,fear_only,FIX11_full
2024-08-15,2024-08-16,SELL_NEXT_OPEN,54.62,0.5,0.0,False,0.5827308066083573,fear_exit,FIX11_full
2024-08-20,2024-08-21,BUY_NEXT_OPEN,27.94,0.0,0.5,False,0.4743496225665408,valuation_only,FIX11_full
2024-09-30,2024-10-08,SELL_NEXT_OPEN,99.87,0.5,0.0,False,1.221681927710843,valuation_exit,FIX11_full
2025-01-03,2025-01-06,BUY_NEXT_OPEN,21.13,0.0,0.5,False,0.8441137558458314,fear_only,FIX11_full
2025-01-14,2025-01-15,SELL_NEXT_OPEN,53.04,0.5,0.0,False,0.9413282221170529,fear_exit,FIX11_full
2025-04-07,2025-04-08,BUY_NEXT_OPEN,9.04,0.0,0.5,False,0.7678135458167327,fear_only,FIX11_full
2025-05-06,2025-05-07,SELL_NEXT_OPEN,50.0,0.5,0.0,False,0.9668952113554827,fear_exit,FIX11_full
2025-11-21,2025-11-24,BUY_NEXT_OPEN,22.17,0.0,0.5,False,1.4356017762975297,fear_only,FIX11_full
2025-11-28,2025-12-01,SELL_NEXT_OPEN,53.39,0.5,0.0,False,1.5262240950837318,fear_exit,FIX11_full
2026-03-03,2026-03-04,BUY_NEXT_OPEN,21.1,0.0,0.5,False,1.8819235592438914,fear_only,FIX11_full
2026-03-06,2026-03-09,SELL_NEXT_OPEN,51.55,0.5,0.0,False,1.8987419613228058,fear_exit,FIX11_full
2026-03-23,2026-03-24,BUY_NEXT_OPEN,16.91,0.0,0.5,False,1.674593531958238,fear_only,FIX11_full
2026-03-25,2026-03-26,SELL_NEXT_OPEN,50.07,0.5,0.0,False,1.768898719467013,fear_exit,FIX11_full
2026-04-03,2026-04-07,BUY_NEXT_OPEN,21.77,0.0,0.5,False,1.7154522542775072,fear_only,FIX11_full
2026-04-08,2026-04-09,SELL_NEXT_OPEN,55.27,0.5,0.0,False,1.7800000000000002,fear_exit,FIX11_full
2026-07-13,2026-07-14,BUY_NEXT_OPEN,23.09,0.0,0.5,False,1.986284601153553,fear_only,FIX11_full
2026-08-12,2026-08-13,SELL_NEXT_OPEN,50.99,0.5,0.0,False,1.9293645861000444,fear_exit,FIX11_full
