arm,window,start,end,rows,cumulative_return,annual_return_244,max_drawdown,trade_days,turnover,mean_execution_weight,nav_gate_days
FIX10_full,Full,2007-01-15,2026-09-30,4792,6.1073791756528735,0.10501331557156535,-0.25661340839416946,423,166.0,0.3043614357262103,3751
FIX10_full,10Y,2016-09-30,2026-09-30,2428,0.5240079557318478,0.04325184614722244,-0.12344849430876537,191,66.0,0.2447487644151565,2155
FIX10_full,5Y,2021-09-30,2026-09-30,1212,0.4505587841533898,0.07775566580654103,-0.12344849430876659,90,33.5,0.2592821782178218,941
FIX10_full,3Y,2023-10-09,2026-09-30,726,0.4502814767993044,0.1330842570680395,-0.12344849430876637,55,24.25,0.3154269972451791,455
FIX10_full,1Y,2025-09-30,2026-09-30,242,0.04127624998913615,0.041624379492386065,-0.12344849430876659,19,10.5,0.31921487603305787,66
FIX11_full,Full,2007-01-15,2026-09-30,4792,7.421671769044263,0.11460147514394192,-0.2344950049828085,413,163.5,0.2826585976627713,3805
FIX11_full,10Y,2016-09-30,2026-09-30,2428,0.6526380411784984,0.05178168824407692,-0.09876220314702311,178,63.0,0.23074546952224054,2165
FIX11_full,5Y,2021-09-30,2026-09-30,1212,0.5112395125629607,0.08668432765668177,-0.09876220314702266,84,31.5,0.24236798679867988,949
FIX11_full,3Y,2023-10-09,2026-09-30,726,0.5107147249117969,0.14873830513069164,-0.09876220314702311,51,21.75,0.28994490358126723,463
FIX11_full,1Y,2025-09-30,2026-09-30,242,0.05356849928194829,0.05402296368827875,-0.09706343495293113,17,9.5,0.2830578512396694,66
