arm,window,start,end,rows,total_return,annual_return_244,max_dd,mean_execution_weight,turnover,execution_switches,half_to_full,full_to_half,nav_gate_days
old_icim_effective,Full,2007-01-15,2026-09-30,4792,6.14243671198,0.105290199625,-0.290581446235,0.312708681135,188.5,466,55,48,3710
old_icim_effective,10Y,2016-09-30,2026-09-30,2428,0.57158699673,0.0464798726329,-0.121374629031,0.254324546952,77,219,10,9,2161
old_icim_effective,5Y,2021-09-30,2026-09-30,1212,0.477907864028,0.0818160711788,-0.115898139019,0.269389438944,39,106,9,8,946
old_icim_effective,3Y,2023-10-09,2026-09-30,726,0.502018661283,0.146511684246,-0.115898139019,0.321280991736,25.25,57,9,8,460
old_icim_effective,1Y,2025-09-30,2026-09-30,242,0.0523863301815,0.0528305159747,-0.115898139019,0.324380165289,10.5,18,2,3,66
old_static,Full,2007-01-15,2026-09-30,4792,6.14243671198,0.105290199625,-0.290581446235,0.312708681135,188.5,466,55,48,3710
old_static,10Y,2016-09-30,2026-09-30,2428,0.57158699673,0.0464798726329,-0.121374629031,0.254324546952,77,219,10,9,2161
old_static,5Y,2021-09-30,2026-09-30,1212,0.477907864028,0.0818160711788,-0.115898139019,0.269389438944,39,106,9,8,946
old_static,3Y,2023-10-09,2026-09-30,726,0.502018661283,0.146511684246,-0.115898139019,0.321280991736,25.25,57,9,8,460
old_static,1Y,2025-09-30,2026-09-30,242,0.0523863301815,0.0528305159747,-0.115898139019,0.324380165289,10.5,18,2,3,66
new_static,Full,2007-01-15,2026-09-30,4792,7.42167176904,0.114601475144,-0.234495004983,0.282658597663,163.5,413,51,47,3805
new_static,10Y,2016-09-30,2026-09-30,2428,0.652638041178,0.0517816882441,-0.098762203147,0.230745469522,63,178,9,6,2165
new_static,5Y,2021-09-30,2026-09-30,1212,0.511239512563,0.0866843276567,-0.098762203147,0.242367986799,31.5,84,9,6,949
new_static,3Y,2023-10-09,2026-09-30,726,0.510714724912,0.148738305131,-0.098762203147,0.289944903581,21.75,51,9,6,463
new_static,1Y,2025-09-30,2026-09-30,242,0.0535684992819,0.0540229636883,-0.0970634349529,0.28305785124,9.5,17,4,3,66
new_debounce_all,Full,2007-01-15,2026-09-30,4792,6.61651345727,0.108912902389,-0.232653961091,0.277702420701,147,366,51,45,3791
new_debounce_all,10Y,2016-09-30,2026-09-30,2428,0.562988401161,0.0459030634129,-0.104603654352,0.22044892916,54.5,154,8,5,2180
new_debounce_all,5Y,2021-09-30,2026-09-30,1212,0.398437099429,0.0698449851687,-0.104603654352,0.229166666667,28,75,8,5,964
new_debounce_all,3Y,2023-10-09,2026-09-30,726,0.403282600239,0.120608051721,-0.104603654352,0.271349862259,19.25,46,8,5,478
new_debounce_all,1Y,2025-09-30,2026-09-30,242,0.0372603289803,0.0375739799504,-0.104603654352,0.27479338843,9.5,17,4,3,66
new_debounce_effective,Full,2007-01-15,2026-09-30,4792,7.42167176904,0.114601475144,-0.234495004983,0.282658597663,163.5,413,51,47,3805
new_debounce_effective,10Y,2016-09-30,2026-09-30,2428,0.652638041178,0.0517816882441,-0.098762203147,0.230745469522,63,178,9,6,2165
new_debounce_effective,5Y,2021-09-30,2026-09-30,1212,0.511239512563,0.0866843276567,-0.098762203147,0.242367986799,31.5,84,9,6,949
new_debounce_effective,3Y,2023-10-09,2026-09-30,726,0.510714724912,0.148738305131,-0.098762203147,0.289944903581,21.75,51,9,6,463
new_debounce_effective,1Y,2025-09-30,2026-09-30,242,0.0535684992819,0.0540229636883,-0.0970634349529,0.28305785124,9.5,17,4,3,66
