year,new_static_return,new_debounce_return,debounce_minus_static,target_different_days
2007,1.56411848909,1.47802151701,-0.086096972083,6
2008,-0.0609253348346,-0.0561967932548,0.00472854157985,3
2009,0.414906015825,0.430884280948,0.015978265123,1
2010,0.0012881862213,0.00895480056433,0.00766661434303,3
2011,-0.0549237712672,-0.0528092526797,0.00211451858753,7
2012,-0.0430031604072,-0.0032021355723,0.0398010248349,22
2013,0.0162191524829,-0.0167963147172,-0.0330154672,42
2014,0.203535576357,0.163994565463,-0.0395410108938,18
2015,0.472430778475,0.473904048309,0.00147326983477,2
2016,-0.0989575179594,-0.10889179943,-0.00993428147063,11
2017,0.0247389163106,0.0203636860992,-0.00437523021145,9
2018,-0.0868725899622,-0.0705036922949,0.0163688976673,6
2019,0.173795412356,0.161857255536,-0.0119381568204,6
2020,0.0297081002444,0.0392332854539,0.00952518520946,6
2021,-0.00811308715203,5.70125940713e-05,0.00817009974611,9
2022,0.00588102122222,0.00741883044023,0.001537809218,3
2023,-0.0164946456531,-0.0215111621073,-0.0050165164542,4
2024,0.12585219479,0.098215296555,-0.0276368982346,9
2025,0.282429187826,0.238854380626,-0.0435748071999,24
2026,0.0498280781525,0.034874975539,-0.0149531026135,2
