data_layer,product,scenario,year,start,end,observations,positive_days,negative_days,win_day_fraction,net_compound_return
model,IC,full_strategy,2015,2015-04-16,2015-12-31,177,86,91,0.4858757062146893,0.06441523353941192
model,IC,full_strategy,2016,2016-01-04,2016-12-30,244,107,137,0.4385245901639344,0.024375571133846696
model,IC,full_strategy,2017,2017-01-03,2017-12-29,244,117,127,0.47950819672131145,0.07240505053658564
model,IC,full_strategy,2018,2018-01-02,2018-12-28,243,114,129,0.4691358024691358,0.14860445335362948
model,IC,full_strategy,2019,2019-01-02,2019-12-31,244,132,112,0.5409836065573771,0.20057557692462136
model,IC,full_strategy,2020,2020-01-02,2020-12-31,243,135,108,0.5555555555555556,0.2611080325259356
model,IC,full_strategy,2021,2021-01-04,2021-12-31,243,141,102,0.5802469135802469,0.18910304661534383
model,IC,full_strategy,2022,2022-01-04,2022-07-21,132,68,64,0.5151515151515151,-0.02790878587328982
model,IC,full_strategy,ALL,2015-04-16,2022-07-21,1770,900,870,0.5084745762711864,1.3505416277939664
model,IC,core_plus_momentum_no_grid,2015,2015-04-16,2015-12-31,177,81,96,0.4576271186440678,0.20567220592026003
model,IC,core_plus_momentum_no_grid,2016,2016-01-04,2016-12-30,244,101,143,0.4139344262295082,-0.013500945231802564
model,IC,core_plus_momentum_no_grid,2017,2017-01-03,2017-12-29,244,114,130,0.4672131147540984,0.05138897378964491
model,IC,core_plus_momentum_no_grid,2018,2018-01-02,2018-12-28,243,111,132,0.4567901234567901,0.03733504101383067
model,IC,core_plus_momentum_no_grid,2019,2019-01-02,2019-12-31,244,132,112,0.5409836065573771,0.18693932661630064
model,IC,core_plus_momentum_no_grid,2020,2020-01-02,2020-12-31,243,135,108,0.5555555555555556,0.22590944024307458
model,IC,core_plus_momentum_no_grid,2021,2021-01-04,2021-12-31,243,142,101,0.5843621399176955,0.18026782403606134
model,IC,core_plus_momentum_no_grid,2022,2022-01-04,2022-07-21,132,68,64,0.5151515151515151,-0.03074414132998371
model,IC,core_plus_momentum_no_grid,ALL,2015-04-16,2022-07-21,1770,884,886,0.4994350282485876,1.1593065435814793
model,IC,mom120_negative_full,2015,2015-09-02,2015-12-29,78,32,46,0.41025641025641024,0.09478200281853799
model,IC,mom120_negative_full,2016,2016-01-06,2016-12-30,123,59,64,0.4796747967479675,0.019039123926631207
model,IC,mom120_negative_full,2017,2017-01-03,2017-12-28,117,59,58,0.5042735042735043,0.11644959020278334
model,IC,mom120_negative_full,2018,2018-02-01,2018-12-28,221,103,118,0.4660633484162896,0.1559790089423152
model,IC,mom120_negative_full,2019,2019-01-02,2019-11-27,96,56,40,0.5833333333333334,0.10887943430418212
model,IC,mom120_negative_full,2020,2020-03-17,2020-12-31,8,5,3,0.625,0.025417539048675053
model,IC,mom120_negative_full,2021,2021-01-04,2021-04-19,56,29,27,0.5178571428571429,0.004266078402052509
model,IC,mom120_negative_full,2022,2022-01-26,2022-07-21,115,64,51,0.5565217391304348,0.016790852300265113
model,IC,mom120_negative_full,ALL,2015-09-02,2022-07-21,814,407,407,0.5,0.6717566849824628
model,IC,mom120_negative_no_grid,2015,2015-09-02,2015-12-29,78,26,52,0.3333333333333333,-0.022867964925214146
model,IC,mom120_negative_no_grid,2016,2016-01-06,2016-12-30,123,54,69,0.43902439024390244,-0.01845536808470194
model,IC,mom120_negative_no_grid,2017,2017-01-03,2017-12-28,117,57,60,0.48717948717948717,0.09504796284769834
model,IC,mom120_negative_no_grid,2018,2018-02-01,2018-12-28,221,100,121,0.45248868778280543,0.043599941233980255
model,IC,mom120_negative_no_grid,2019,2019-01-02,2019-11-27,96,55,41,0.5729166666666666,0.11070251621230698
model,IC,mom120_negative_no_grid,2020,2020-03-17,2020-12-31,8,6,2,0.75,0.026142421025056484
model,IC,mom120_negative_no_grid,2021,2021-01-04,2021-04-19,56,29,27,0.5178571428571429,-0.0018678977110528905
model,IC,mom120_negative_no_grid,2022,2022-01-26,2022-07-21,115,64,51,0.5565217391304348,0.015516909546709146
model,IC,mom120_negative_no_grid,ALL,2015-09-02,2022-07-21,814,391,423,0.48034398034398035,0.2662255491338166
model,IC,mom120_negative_core_only,2015,2015-09-02,2015-12-29,78,28,50,0.358974358974359,-0.03259710362808188
model,IC,mom120_negative_core_only,2016,2016-01-06,2016-12-30,123,53,70,0.43089430894308944,-0.0014022167908031014
model,IC,mom120_negative_core_only,2017,2017-01-03,2017-12-28,117,54,63,0.46153846153846156,0.07478129497720643
model,IC,mom120_negative_core_only,2018,2018-02-01,2018-12-28,221,106,115,0.4796380090497738,0.07982790447168053
model,IC,mom120_negative_core_only,2019,2019-01-02,2019-11-27,96,57,39,0.59375,0.061081977370284424
model,IC,mom120_negative_core_only,2020,2020-03-17,2020-12-31,8,6,2,0.75,0.02606455830654064
model,IC,mom120_negative_core_only,2021,2021-01-04,2021-04-19,56,30,26,0.5357142857142857,0.01804526390824024
model,IC,mom120_negative_core_only,2022,2022-01-26,2022-07-21,115,64,51,0.5565217391304348,0.0074856212183220805
model,IC,mom120_negative_core_only,ALL,2015-09-02,2022-07-21,814,398,416,0.48894348894348894,0.251993851004648
model,IC,core_only,2015,2015-04-16,2015-12-31,177,82,95,0.4632768361581921,0.08830412017094913
model,IC,core_only,2016,2016-01-04,2016-12-30,244,101,143,0.4139344262295082,-0.004832470644721587
model,IC,core_only,2017,2017-01-03,2017-12-29,244,111,133,0.45491803278688525,0.04968655816518175
model,IC,core_only,2018,2018-01-02,2018-12-28,243,117,126,0.48148148148148145,0.07822662430420224
model,IC,core_only,2019,2019-01-02,2019-12-31,244,135,109,0.5532786885245902,0.09845144607623935
model,IC,core_only,2020,2020-01-02,2020-12-31,243,136,107,0.5596707818930041,0.2033074291909136
model,IC,core_only,2021,2021-01-04,2021-12-31,243,143,100,0.588477366255144,0.16866696586387775
model,IC,core_only,2022,2022-01-04,2022-07-21,132,68,64,0.5151515151515151,-0.040043184948393984
model,IC,core_only,ALL,2015-04-16,2022-07-21,1770,893,877,0.5045197740112994,0.817674377648653
model,IC,pure_1x_roll,2015,2015-04-16,2015-12-31,177,102,75,0.576271186440678,0.1306422665687874
model,IC,pure_1x_roll,2016,2016-01-04,2016-12-30,244,136,108,0.5573770491803278,0.07672301570562667
model,IC,pure_1x_roll,2017,2017-01-03,2017-12-29,244,136,108,0.5573770491803278,0.10748236376407161
model,IC,pure_1x_roll,2018,2018-01-02,2018-12-28,243,112,131,0.4609053497942387,-0.15149791822873326
model,IC,pure_1x_roll,2019,2019-01-02,2019-12-31,244,132,112,0.5409836065573771,0.20717880615549844
model,IC,pure_1x_roll,2020,2020-01-02,2020-12-31,243,136,107,0.5596707818930041,0.20034161849222776
model,IC,pure_1x_roll,2021,2021-01-04,2021-12-31,243,143,100,0.588477366255144,0.16662969532246885
model,IC,pure_1x_roll,2022,2022-01-04,2022-07-21,132,68,64,0.5151515151515151,-0.03932774758592794
model,IC,pure_1x_roll,ALL,2015-04-16,2022-07-21,1770,965,805,0.5451977401129944,0.8578202158908643
model,IM,full_strategy,2015,2015-04-16,2015-12-31,177,95,82,0.536723163841808,0.20208628309892518
model,IM,full_strategy,2016,2016-01-04,2016-12-30,244,109,135,0.44672131147540983,-0.05173224583669389
model,IM,full_strategy,2017,2017-01-03,2017-12-29,244,126,118,0.5163934426229508,0.0500436278108789
model,IM,full_strategy,2018,2018-01-02,2018-12-28,243,128,115,0.5267489711934157,0.2755321005854221
model,IM,full_strategy,2019,2019-01-02,2019-12-31,244,138,106,0.5655737704918032,0.28683956935984756
model,IM,full_strategy,2020,2020-01-02,2020-12-31,243,128,115,0.5267489711934157,0.22195862990843063
model,IM,full_strategy,2021,2021-01-04,2021-12-31,243,122,121,0.5020576131687243,0.11536223881686136
model,IM,full_strategy,2022,2022-01-04,2022-07-21,132,71,61,0.5378787878787878,-0.006676134749838858
model,IM,full_strategy,ALL,2015-04-16,2022-07-21,1770,917,853,0.5180790960451978,1.659825082005753
model,IM,core_plus_momentum_no_grid,2015,2015-04-16,2015-12-31,177,92,85,0.519774011299435,0.42815073930423275
model,IM,core_plus_momentum_no_grid,2016,2016-01-04,2016-12-30,244,100,144,0.4098360655737705,-0.048683980982229924
model,IM,core_plus_momentum_no_grid,2017,2017-01-03,2017-12-29,244,121,123,0.4959016393442623,0.0418231167303027
model,IM,core_plus_momentum_no_grid,2018,2018-01-02,2018-12-28,243,120,123,0.49382716049382713,0.17745342576354473
model,IM,core_plus_momentum_no_grid,2019,2019-01-02,2019-12-31,244,133,111,0.5450819672131147,0.16046432459272397
model,IM,core_plus_momentum_no_grid,2020,2020-01-02,2020-12-31,243,128,115,0.5267489711934157,0.16688015763674446
model,IM,core_plus_momentum_no_grid,2021,2021-01-04,2021-12-31,243,120,123,0.49382716049382713,0.10426714307094542
model,IM,core_plus_momentum_no_grid,2022,2022-01-04,2022-07-21,132,68,64,0.5151515151515151,0.018943042257339116
model,IM,core_plus_momentum_no_grid,ALL,2015-04-16,2022-07-21,1770,882,888,0.49830508474576274,1.5393273657920497
model,IM,mom120_negative_full,2015,2015-09-02,2015-12-28,77,34,43,0.44155844155844154,0.06569772113594752
model,IM,mom120_negative_full,2016,2016-01-08,2016-12-30,111,51,60,0.4594594594594595,-0.017047283820448844
model,IM,mom120_negative_full,2017,2017-01-03,2017-12-29,222,112,110,0.5045045045045045,0.0260897688264361
model,IM,mom120_negative_full,2018,2018-01-02,2018-12-28,241,127,114,0.5269709543568465,0.2742317388230946
model,IM,mom120_negative_full,2019,2019-01-02,2019-12-25,106,60,46,0.5660377358490566,0.1653397167754158
model,IM,mom120_negative_full,2020,2020-03-19,2020-12-31,5,5,0,1.0,0.05896032857979683
model,IM,mom120_negative_full,2021,2021-01-04,2021-05-27,95,38,57,0.4,-0.004865268099972675
model,IM,mom120_negative_full,2022,2022-01-26,2022-07-21,116,65,51,0.5603448275862069,0.039625590000189614
model,IM,mom120_negative_full,ALL,2015-09-02,2022-07-21,973,492,481,0.5056526207605344,0.7486042262984054
model,IM,mom120_negative_no_grid,2015,2015-09-02,2015-12-28,77,30,47,0.38961038961038963,0.0012146718579075788
model,IM,mom120_negative_no_grid,2016,2016-01-08,2016-12-30,111,47,64,0.42342342342342343,0.004100853841887853
model,IM,mom120_negative_no_grid,2017,2017-01-03,2017-12-29,222,107,115,0.481981981981982,0.014115107384721881
model,IM,mom120_negative_no_grid,2018,2018-01-02,2018-12-28,241,119,122,0.49377593360995853,0.1762685009587388
model,IM,mom120_negative_no_grid,2019,2019-01-02,2019-12-25,106,54,52,0.5094339622641509,0.05879901070153992
model,IM,mom120_negative_no_grid,2020,2020-03-19,2020-12-31,5,5,0,1.0,0.03158669254655044
model,IM,mom120_negative_no_grid,2021,2021-01-04,2021-05-27,95,37,58,0.3894736842105263,-0.01600632344436259
model,IM,mom120_negative_no_grid,2022,2022-01-26,2022-07-21,116,62,54,0.5344827586206896,0.06704110946922603
model,IM,mom120_negative_no_grid,ALL,2015-09-02,2022-07-21,973,461,512,0.473792394655704,0.37527952861963465
model,IM,mom120_negative_core_only,2015,2015-09-02,2015-12-28,77,34,43,0.44155844155844154,0.003667043303719586
model,IM,mom120_negative_core_only,2016,2016-01-08,2016-12-30,111,47,64,0.42342342342342343,0.0027716438904756835
model,IM,mom120_negative_core_only,2017,2017-01-03,2017-12-29,222,115,107,0.5180180180180181,0.011378960942395766
model,IM,mom120_negative_core_only,2018,2018-01-02,2018-12-28,241,125,116,0.5186721991701245,0.15116209815826465
model,IM,mom120_negative_core_only,2019,2019-01-02,2019-12-25,106,56,50,0.5283018867924528,0.03928305897995332
model,IM,mom120_negative_core_only,2020,2020-03-19,2020-12-31,5,5,0,1.0,0.03133299000016043
model,IM,mom120_negative_core_only,2021,2021-01-04,2021-05-27,95,40,55,0.42105263157894735,-0.006569968017194006
model,IM,mom120_negative_core_only,2022,2022-01-26,2022-07-21,116,65,51,0.5603448275862069,0.04129807209312042
model,IM,mom120_negative_core_only,ALL,2015-09-02,2022-07-21,973,487,486,0.5005138746145941,0.2992335080325774
model,IM,core_only,2015,2015-04-16,2015-12-31,177,93,84,0.5254237288135594,0.09990996307044342
model,IM,core_only,2016,2016-01-04,2016-12-30,244,93,151,0.38114754098360654,-0.03711355170126995
model,IM,core_only,2017,2017-01-03,2017-12-29,244,129,115,0.5286885245901639,0.03658417402796044
model,IM,core_only,2018,2018-01-02,2018-12-28,243,127,116,0.522633744855967,0.15228392228841559
model,IM,core_only,2019,2019-01-02,2019-12-31,244,138,106,0.5655737704918032,0.05360047855412797
model,IM,core_only,2020,2020-01-02,2020-12-31,243,136,107,0.5596707818930041,0.11838329888566612
model,IM,core_only,2021,2021-01-04,2021-12-31,243,123,120,0.5061728395061729,0.1052213068727259
model,IM,core_only,2022,2022-01-04,2022-07-21,132,71,61,0.5378787878787878,-0.005310251898153484
model,IM,core_only,ALL,2015-04-16,2022-07-21,1770,910,860,0.5141242937853108,0.6387013427102439
model,IM,pure_1x_roll,2015,2015-04-16,2015-12-31,177,105,72,0.5932203389830508,0.1987399458334156
model,IM,pure_1x_roll,2016,2016-01-04,2016-12-30,244,136,108,0.5573770491803278,-0.09624039896557013
model,IM,pure_1x_roll,2017,2017-01-03,2017-12-29,244,137,107,0.5614754098360656,-0.04682506588276547
model,IM,pure_1x_roll,2018,2018-01-02,2018-12-28,243,122,121,0.5020576131687243,-0.18492403608014507
model,IM,pure_1x_roll,2019,2019-01-02,2019-12-31,244,137,107,0.5614754098360656,0.23660277081971626
model,IM,pure_1x_roll,2020,2020-01-02,2020-12-31,243,138,105,0.5679012345679012,0.19709293972109232
model,IM,pure_1x_roll,2021,2021-01-04,2021-12-31,243,143,100,0.588477366255144,0.19931347332300398
model,IM,pure_1x_roll,2022,2022-01-04,2022-07-21,132,74,58,0.5606060606060606,-0.027282952741254363
model,IM,pure_1x_roll,ALL,2015-04-16,2022-07-21,1770,992,778,0.56045197740113,0.453536445041945
real,IC,full_strategy,2022,2022-09-19,2022-12-30,70,30,40,0.42857142857142855,0.042180735908100786
real,IC,full_strategy,2023,2023-01-03,2023-12-29,242,107,135,0.44214876033057854,-0.05198732876625778
real,IC,full_strategy,2024,2024-01-02,2024-12-31,242,112,130,0.4628099173553719,0.6014073313123183
real,IC,full_strategy,2025,2025-01-02,2025-12-31,243,131,112,0.5390946502057613,0.4913000237882492
real,IC,full_strategy,2026,2026-01-05,2026-08-13,148,86,62,0.581081081081081,0.3237417751239591
real,IC,full_strategy,ALL,2022-09-19,2026-08-13,945,466,479,0.4931216931216931,2.1233977658241407
real,IC,core_plus_momentum_no_grid,2022,2022-09-19,2022-12-30,70,30,40,0.42857142857142855,-0.0021051504805521537
real,IC,core_plus_momentum_no_grid,2023,2023-01-03,2023-12-29,242,107,135,0.44214876033057854,-0.05324144094972305
real,IC,core_plus_momentum_no_grid,2024,2024-01-02,2024-12-31,242,109,133,0.45041322314049587,0.2757296113350598
real,IC,core_plus_momentum_no_grid,2025,2025-01-02,2025-12-31,243,129,114,0.5308641975308642,0.39404344018967463
real,IC,core_plus_momentum_no_grid,2026,2026-01-05,2026-08-13,148,84,64,0.5675675675675675,0.28730694068798535
real,IC,core_plus_momentum_no_grid,ALL,2022-09-19,2026-08-13,945,459,486,0.4857142857142857,1.162923081600392
real,IC,mom120_negative_full,2022,2022-09-20,2022-12-30,40,17,23,0.425,0.01116562144202371
real,IC,mom120_negative_full,2023,2023-01-03,2023-12-29,175,79,96,0.4514285714285714,0.0029628933854053408
real,IC,mom120_negative_full,2024,2024-01-02,2024-09-30,173,74,99,0.4277456647398844,0.5124732819724918
real,IC,mom120_negative_full,2025,2025-04-07,2025-07-03,53,31,22,0.5849056603773585,0.09868597229442888
real,IC,mom120_negative_full,2026,2026-07-17,2026-08-13,20,9,11,0.45,0.005337974959525926
real,IC,mom120_negative_full,ALL,2022-09-20,2026-08-13,461,210,251,0.455531453362256,0.6942618821598332
real,IC,mom120_negative_no_grid,2022,2022-09-20,2022-12-30,40,16,24,0.4,-0.019112642672575286
real,IC,mom120_negative_no_grid,2023,2023-01-03,2023-12-29,175,79,96,0.4514285714285714,0.003575930552023765
real,IC,mom120_negative_no_grid,2024,2024-01-02,2024-09-30,173,71,102,0.41040462427745666,0.25137802727859326
real,IC,mom120_negative_no_grid,2025,2025-04-07,2025-07-03,53,30,23,0.5660377358490566,0.041503921458830195
real,IC,mom120_negative_no_grid,2026,2026-07-17,2026-08-13,20,7,13,0.35,-0.0016713260237924965
real,IC,mom120_negative_no_grid,ALL,2022-09-20,2026-08-13,461,203,258,0.4403470715835141,0.28083254253494494
real,IC,mom120_negative_core_only,2022,2022-09-20,2022-12-30,40,15,25,0.375,-0.018405358328370536
real,IC,mom120_negative_core_only,2023,2023-01-03,2023-12-29,175,79,96,0.4514285714285714,-0.003118725146230683
real,IC,mom120_negative_core_only,2024,2024-01-02,2024-09-30,173,69,104,0.3988439306358382,0.16426948672312403
real,IC,mom120_negative_core_only,2025,2025-04-07,2025-07-03,53,31,22,0.5849056603773585,0.031092265971431665
real,IC,mom120_negative_core_only,2026,2026-07-17,2026-08-13,20,7,13,0.35,-0.0001010286182816511
real,IC,mom120_negative_core_only,ALL,2022-09-20,2026-08-13,461,201,260,0.4360086767895879,0.17458049284225785
real,IC,core_only,2022,2022-09-19,2022-12-30,70,29,41,0.4142857142857143,-0.0012833264386463705
real,IC,core_only,2023,2023-01-03,2023-12-29,242,107,135,0.44214876033057854,-0.039051718211613795
real,IC,core_only,2024,2024-01-02,2024-12-31,242,107,135,0.44214876033057854,0.23546646745322386
real,IC,core_only,2025,2025-01-02,2025-12-31,243,130,113,0.5349794238683128,0.2355223672655733
real,IC,core_only,2026,2026-01-05,2026-08-13,148,84,64,0.5675675675675675,0.17163303392916762
real,IC,core_only,ALL,2022-09-19,2026-08-13,945,457,488,0.4835978835978836,0.7163881108290482
real,IC,pure_1x_roll,2022,2022-09-19,2022-12-30,70,30,40,0.42857142857142855,0.014761624835877285
real,IC,pure_1x_roll,2023,2023-01-03,2023-12-29,242,114,128,0.47107438016528924,-0.026783871379533974
real,IC,pure_1x_roll,2024,2024-01-02,2024-12-31,242,110,132,0.45454545454545453,0.11251274675393841
real,IC,pure_1x_roll,2025,2025-01-02,2025-12-31,243,133,110,0.5473251028806584,0.39530734927193256
real,IC,pure_1x_roll,2026,2026-01-05,2026-08-13,148,79,69,0.5337837837837838,0.11430780862006995
real,IC,pure_1x_roll,ALL,2022-09-19,2026-08-13,945,466,479,0.4931216931216931,0.7082576887158898
real,IM,full_strategy,2022,2022-07-22,2022-12-30,110,51,59,0.4636363636363636,0.07141785477509477
real,IM,full_strategy,2023,2023-01-03,2023-12-29,242,121,121,0.5,-0.037502527779545436
real,IM,full_strategy,2024,2024-01-02,2024-12-31,242,119,123,0.49173553719008267,0.5235448974595431
real,IM,full_strategy,2025,2025-01-02,2025-12-31,243,135,108,0.5555555555555556,0.4879805495501539
real,IM,full_strategy,2026,2026-01-05,2026-08-14,149,79,70,0.5302013422818792,0.20848752479902943
real,IM,full_strategy,ALL,2022-07-22,2026-08-14,986,505,481,0.5121703853955375,1.8252257759820276
real,IM,core_plus_momentum_no_grid,2022,2022-07-22,2022-12-30,110,50,60,0.45454545454545453,0.019978678499197988
real,IM,core_plus_momentum_no_grid,2023,2023-01-03,2023-12-29,242,121,121,0.5,-0.038152860881683015
real,IM,core_plus_momentum_no_grid,2024,2024-01-02,2024-12-31,242,123,119,0.5082644628099173,0.40525391474577943
real,IM,core_plus_momentum_no_grid,2025,2025-01-02,2025-12-31,243,138,105,0.5679012345679012,0.34098361879114436
real,IM,core_plus_momentum_no_grid,2026,2026-01-05,2026-08-14,149,77,72,0.5167785234899329,0.1681845276548859
real,IM,core_plus_momentum_no_grid,ALL,2022-07-22,2026-08-14,986,509,477,0.5162271805273834,1.1596674226504096
real,IM,mom120_negative_full,2022,2022-07-25,2022-12-30,57,27,30,0.47368421052631576,0.01996637345981811
real,IM,mom120_negative_full,2023,2023-01-03,2023-12-29,183,87,96,0.47540983606557374,0.00031502768204472176
real,IM,mom120_negative_full,2024,2024-01-02,2024-09-30,177,83,94,0.4689265536723164,0.35526845404820095
real,IM,mom120_negative_full,2025,2025-04-08,2025-06-25,39,21,18,0.5384615384615384,0.03653822876535595
real,IM,mom120_negative_full,2026,2026-03-24,2026-08-14,25,14,11,0.56,0.019767487584674948
real,IM,mom120_negative_full,ALL,2022-07-25,2026-08-14,481,232,249,0.48232848232848236,0.4616199510512917
real,IM,mom120_negative_no_grid,2022,2022-07-25,2022-12-30,57,26,31,0.45614035087719296,-0.012538326930389698
real,IM,mom120_negative_no_grid,2023,2023-01-03,2023-12-29,183,87,96,0.47540983606557374,0.000643949817457079
real,IM,mom120_negative_no_grid,2024,2024-01-02,2024-09-30,177,85,92,0.480225988700565,0.2364138703677534
real,IM,mom120_negative_no_grid,2025,2025-04-08,2025-06-25,39,26,13,0.6666666666666666,0.007407799987817265
real,IM,mom120_negative_no_grid,2026,2026-03-24,2026-08-14,25,12,13,0.48,0.011332519042988265
real,IM,mom120_negative_no_grid,ALL,2022-07-25,2026-08-14,481,236,245,0.49064449064449067,0.24469507616488673
real,IM,mom120_negative_core_only,2022,2022-07-25,2022-12-30,57,26,31,0.45614035087719296,-0.0058193813367446445
real,IM,mom120_negative_core_only,2023,2023-01-03,2023-12-29,183,89,94,0.48633879781420764,0.009560740309081162
real,IM,mom120_negative_core_only,2024,2024-01-02,2024-09-30,177,91,86,0.5141242937853108,0.12773734656536373
real,IM,mom120_negative_core_only,2025,2025-04-08,2025-06-25,39,25,14,0.6410256410256411,0.004545715555848817
real,IM,mom120_negative_core_only,2026,2026-03-24,2026-08-14,25,12,13,0.48,0.01291480070152895
real,IM,mom120_negative_core_only,ALL,2022-07-25,2026-08-14,481,243,238,0.5051975051975052,0.15172377367585232
real,IM,core_only,2022,2022-07-22,2022-12-30,110,51,59,0.4636363636363636,0.014159669158746668
real,IM,core_only,2023,2023-01-03,2023-12-29,242,122,120,0.5041322314049587,-0.007443150515428876
real,IM,core_only,2024,2024-01-02,2024-12-31,242,130,112,0.5371900826446281,0.21272931582140986
real,IM,core_only,2025,2025-01-02,2025-12-31,243,138,105,0.5679012345679012,0.17231485900285315
real,IM,core_only,2026,2026-01-05,2026-08-14,149,80,69,0.5369127516778524,0.08919527814508266
real,IM,core_only,ALL,2022-07-22,2026-08-14,986,521,465,0.5283975659229209,0.5587469691366098
real,IM,pure_1x_roll,2022,2022-07-22,2022-12-30,110,55,55,0.5,-0.04758697073831686
real,IM,pure_1x_roll,2023,2023-01-03,2023-12-29,242,128,114,0.5289256198347108,0.003763690036722167
real,IM,pure_1x_roll,2024,2024-01-02,2024-12-31,242,121,121,0.5,0.09626854243708483
real,IM,pure_1x_roll,2025,2025-01-02,2025-12-31,243,136,107,0.5596707818930041,0.37173299210594934
real,IM,pure_1x_roll,2026,2026-01-05,2026-08-14,149,84,65,0.5637583892617449,0.08635243114982072
real,IM,pure_1x_roll,ALL,2022-07-22,2026-08-14,986,524,462,0.5314401622718052,0.5617592486455019
