instrument,exit_signal_date,exit_execution_date,exit_reason,fear_on_exit_signal,valuation_on_exit_signal,other_entry_condition_on_exit_signal,next_signal_date,buy_on_next_signal_date
IC,2022-12-05,2022-12-06,valuation_exit,70.11,1.0281645224171545,False,2022-12-06,False
IC,2024-01-25,2024-01-26,fear_exit,54.4,0.6325288162936076,False,2024-01-26,False
IC,2024-02-08,2024-02-19,fear_exit,61.26,0.6593733491968998,False,2024-02-19,False
IC,2024-08-15,2024-08-16,fear_exit,54.62,0.5827308066083573,False,2024-08-16,False
IC,2024-09-30,2024-10-08,valuation_exit,99.87,1.221681927710843,False,2024-10-08,False
IC,2025-01-14,2025-01-15,fear_exit,53.04,0.9413282221170528,False,2025-01-15,False
IC,2025-05-06,2025-05-07,fear_exit,50.0,0.9668952113554828,False,2025-05-07,False
IC,2025-11-28,2025-12-01,fear_exit,53.39,1.5262240950837318,False,2025-12-01,False
IC,2026-03-06,2026-03-09,fear_exit,51.55,1.8987419613228056,False,2026-03-09,False
IC,2026-03-25,2026-03-26,fear_exit,50.07,1.768898719467013,False,2026-03-26,False
IC,2026-04-08,2026-04-09,fear_exit,55.27,1.7800000000000002,False,2026-04-09,False
IC,2026-08-12,2026-08-13,fear_exit,50.99,1.9293645861000444,False,2026-08-13,False
IM,2022-08-08,2022-08-09,fear_exit,56.04,2.0927848509707405,False,2022-08-09,False
IM,2022-11-01,2022-11-02,fear_exit,57.48,1.7999999999999998,False,2022-11-02,False
IM,2025-08-18,2025-08-19,valuation_exit,73.93,2.008537175289238,False,2025-08-19,False
IM,2025-12-05,2025-12-08,fear_exit,59.18,2.0404593469208856,False,2025-12-08,False
IM,2026-03-10,2026-03-11,fear_exit,57.2,2.28,False,2026-03-11,False
IM,2026-04-08,2026-04-09,fear_exit,55.27,2.18,False,2026-04-09,False
