instrument,year,rows,valuation_return,paired_return,return_delta_pp
IC,2022,70,0.048035639034583966,0.048035639034583966,0.0
IC,2023,242,-0.0500837697955373,-0.0500837697955373,0.0
IC,2024,242,0.6021845274244244,0.5866914735576572,-1.5493053866767248
IC,2025,243,0.39623013518050443,0.4936103272353394,9.738019205483495
IC,2026,148,0.28476288879924727,0.3211797402493959,3.6416851450148613
IM,2022,110,0.09140871279148466,0.07696502188205123,-1.4443690909433426
IM,2023,242,-0.03726632937133034,-0.03743610720941648,-0.01697778380861381
IM,2024,242,0.522525625939374,0.5232582209443006,0.07325950049266172
IM,2025,243,0.4661216573208915,0.49325816571120407,2.7136508390312564
IM,2026,149,0.16542564783452574,0.21110012596498406,4.567447813045833
