component,greed_cross_front_d20,greed_cross_front_d40,no_call_fix6,greed_cross_front_d20_less_no_call,greed_cross_front_d40_less_no_call
cash_interest,3714290.5469434373,3716938.6103210244,3734442.948948289,-20152.402004851494,-17504.33862726437
cash_settle_option,0.0,0.0,0.0,0.0,0.0
mark|future|core,10848053.836747278,10879168.04723803,10804526.719418056,43527.11732922122,74641.32781997323
mark|future|grid,10519623.987645358,10547088.75719982,10484004.960476104,35619.02716925368,63083.79672371596
mark|future|momentum,18260129.423088316,18337289.547072448,18143805.67993834,116323.74314997718,193483.86713410914
mark|option|call,991292.9443582669,1549088.6177432947,0.0,991292.9443582669,1549088.6177432947
mark|option|core_put,2780724.1131734354,2798805.2925278284,2745234.328398973,35489.78477446223,53570.96412885515
mark|option|momentum_put,722547.7145051323,719728.6162533571,729247.7972412519,-6700.082736119628,-9519.180987894768
mark|option|seller,4367897.266688123,4390213.318301886,4333193.483257107,34703.78343101591,57019.83504477888
order_submitted,0.0,0.0,0.0,0.0,0.0
trade|future|core,-74000.79429677922,-74236.4429508909,-73629.64888236459,-371.14541441462643,-606.794068526302
trade|future|grid,-25846.188531780394,-25919.48667633292,-25751.128254755746,-95.0602770246478,-168.35842157717343
trade|future|momentum,-131735.2714704154,-132259.9547355834,-130877.26663231182,-858.0048381035886,-1382.6881032715755
trade|option|call,-71050.34928041397,-91714.44137872593,0.0,-71050.34928041397,-91714.44137872593
trade|option|core_put,-1338197.449930788,-1344253.1273467597,-1328338.3995292054,-9859.050401582615,-15914.72781755426
trade|option|momentum_put,-486041.95566432824,-487383.53959435504,-483974.58962674055,-2067.3660375876934,-3408.9499676144915
trade|option|seller,-154402.02159330633,-155073.6594519691,-153334.84082324003,-1067.1807700663048,-1738.8186287290882
