candidate,date,phase,symbol,gross_cashflow,fee,net_cashflow,quantity,price
greed_cross_front_d20,2022-11-17,initial_sale,option|call|MO2212-C-7100,101164.39764063507,1523.0241090036652,99641.3735316314,-22.682600367855397,44.6
greed_cross_front_d20,2022-12-15,final_buyback,option|call|MO2212-C-7100,-453.65200735710795,1496.4961273954475,-1950.1481347525555,22.682600367855397,0.2
greed_cross_front_d20,2023-04-06,initial_sale,option|call|MO2304-C-7200,32815.15847954566,1507.5601162628047,31307.59836328286,-21.58892005233267,15.2
greed_cross_front_d20,2023-04-10,rescue_buyback,option|call|MO2304-C-7200,-19430.028047099404,1504.4396537584405,-20934.467700857847,21.58892005233267,9.0
greed_cross_front_d20,2023-04-10,replacement_sale,option|call|MO2305-C-7600,12077.852929129056,1502.9535682124942,10574.899360916565,-21.567594516301888,5.6
greed_cross_front_d20,2023-05-18,final_buyback,option|call|MO2305-C-7600,-431.3518903260378,1419.9539158556836,-1851.3058061817212,21.567594516301888,0.2
greed_cross_front_d20,2023-11-01,initial_sale,option|call|MO2311-C-6100,61100.80403238814,1456.2565222442165,59644.54751014393,-24.44032161295526,25.0
greed_cross_front_d20,2023-11-03,rescue_buyback,option|call|MO2311-C-6100,-56212.7397097971,1459.8612252789114,-57672.60093507601,24.44032161295526,23.0
greed_cross_front_d20,2023-11-03,replacement_sale,option|call|MO2312-C-6500,25706.62048095446,1476.4417032534743,24230.17877770099,-24.71790430861006,10.4
greed_cross_front_d20,2023-11-16,rescue_buyback,option|call|MO2312-C-6500,-27684.052825643266,1518.9525437995942,-29203.00536944286,24.71790430861006,11.2
greed_cross_front_d20,2023-11-16,replacement_sale,option|call|MO2401-C-6900,16081.689584621437,1453.300159303324,14628.389425318115,-23.649543506796235,6.8
greed_cross_front_d20,2024-01-18,final_buyback,option|call|MO2401-C-6900,-472.9908701359247,1270.7902466846306,-1743.781116820555,23.649543506796235,0.2
greed_cross_front_d20,2024-02-23,initial_sale,option|call|MO2403-C-5500,187395.0244358976,1534.8974253039764,185860.1270105936,-29.372260883369528,63.8
greed_cross_front_d20,2024-02-27,rescue_buyback,option|call|MO2403-C-5500,-287848.1566570214,1584.3497386176523,-289432.50639563904,29.372260883369528,98.0
greed_cross_front_d20,2024-02-27,replacement_sale,option|call|MO2404-C-5800,227371.2229185879,1568.3479629724325,225802.87495561544,-29.075603953783617,78.2
greed_cross_front_d20,2024-03-18,rescue_buyback,option|call|MO2404-C-5800,-286685.4549843064,1642.1936003821731,-288327.6485846886,29.075603953783617,98.6
greed_cross_front_d20,2024-03-18,replacement_sale,option|call|MO2405-C-6100,169218.2855429106,1653.5413622245428,167564.74418068607,-29.276519990122942,57.8
greed_cross_front_d20,2024-05-16,final_buyback,option|call|MO2405-C-6100,-585.5303998024589,1606.972372937054,-2192.5027727395127,29.276519990122942,0.2
greed_cross_front_d20,2025-02-25,initial_sale,option|call|MO2503-C-6800,117562.0137364893,2505.1717713118805,115056.84196517745,-38.92781911804282,30.2
greed_cross_front_d20,2025-02-27,rescue_buyback,option|call|MO2503-C-6800,-144811.4871191193,2530.125281922929,-147341.61240104222,38.92781911804282,37.2
greed_cross_front_d20,2025-02-27,replacement_sale,option|call|MO2504-C-7200,116253.17546125241,2535.5402735089733,113717.63518774346,-39.01113270511826,29.8
greed_cross_front_d20,2025-04-10,final_buyback,option|call|MO2504-C-7200,-7802.226541023651,2249.5789179972803,-10051.805459020934,39.01113270511826,2.0
greed_cross_front_d20,2025-09-01,initial_sale,option|call|MO2509-C-7900,142774.64502242627,3168.5613697061626,139606.08365272012,-42.241019237404224,33.8
greed_cross_front_d20,2025-09-18,final_buyback,option|call|MO2509-C-7900,-844.8203847480846,3158.1084070856746,-4002.928791833759,42.241019237404224,0.2
greed_cross_front_d20,2025-09-26,initial_sale,option|call|MO2510-C-7900,85566.44932341926,3164.927121419919,82401.52220199932,-42.78322466170963,20.0
greed_cross_front_d20,2025-10-09,rescue_buyback,option|call|MO2510-C-7900,-47061.54712788059,3272.083269404377,-50333.63039728497,42.78322466170963,11.0
greed_cross_front_d20,2025-10-09,replacement_sale,option|call|MO2511-C-8300,152607.28701929035,3242.079074173494,149365.20794511688,-42.39091306091399,36.0
greed_cross_front_d20,2025-11-20,final_buyback,option|call|MO2511-C-8300,-847.8182612182798,3111.667669232898,-3959.485930451178,42.39091306091399,0.2
greed_cross_front_d20,2026-01-27,initial_sale,option|call|MO2602-C-8900,327874.4199176011,3625.71708777781,324248.7028298233,-43.25520051683392,75.8
greed_cross_front_d20,2026-02-03,final_buyback,option|call|MO2602-C-8900,-102947.37723006474,3485.8340948264204,-106433.21132489116,43.25520051683392,23.8
greed_cross_front_d20,2026-05-15,initial_sale,option|call|MO2606-C-9400,202531.604514942,3890.512933778937,198641.0915811631,-44.80787710507567,45.2
greed_cross_front_d20,2026-06-18,final_buyback,option|call|MO2606-C-9400,-2688.47262630454,3930.109654776692,-6618.582281081232,44.80787710507567,0.6
greed_cross_front_d40,2022-11-17,initial_sale,option|call|MO2212-C-6800,283078.8525908353,1523.0241090036652,281555.82848183165,-22.682600367855397,124.8
greed_cross_front_d40,2022-11-21,rescue_buyback,option|call|MO2212-C-6800,-232723.47977419637,1517.312857057043,-234240.79263125337,22.682600367855397,102.6
greed_cross_front_d40,2022-11-21,replacement_sale,option|call|MO2301-C-7200,147328.17253746768,1520.873499628389,145807.2990378393,-22.73582909528822,64.8
greed_cross_front_d40,2023-01-19,final_buyback,option|call|MO2301-C-7200,-454.71658190576443,1517.862139064718,-1972.578720970483,22.73582909528822,0.2
greed_cross_front_d40,2023-04-06,initial_sale,option|call|MO2304-C-7000,142038.84992180462,1511.9834208123625,140526.86650099227,-21.65226370759217,65.6
greed_cross_front_d40,2023-04-10,rescue_buyback,option|call|MO2304-C-7000,-119520.49566590879,1508.853802616067,-121029.34946852484,21.65226370759217,55.2
greed_cross_front_d40,2023-04-10,replacement_sale,option|call|MO2305-C-7400,34555.07589511031,1504.9973055976036,33050.07858951271,-21.596922434443943,16.0
greed_cross_front_d40,2023-05-18,final_buyback,option|call|MO2305-C-7400,-431.9384486888789,1421.8847891470114,-1853.8232378358905,21.596922434443943,0.2
greed_cross_front_d40,2023-11-01,initial_sale,option|call|MO2311-C-6000,128612.69956194704,1462.4584429360636,127150.24111901096,-24.544408313348672,52.4
greed_cross_front_d40,2023-11-03,rescue_buyback,option|call|MO2311-C-6000,-124194.70606554428,1466.0784977181995,-125660.78456326248,24.544408313348672,50.6
greed_cross_front_d40,2023-11-03,replacement_sale,option|call|MO2312-C-6300,58637.07610427775,1484.1061354345782,57152.96996884317,-24.846218688253284,23.6
greed_cross_front_d40,2023-11-07,rescue_buyback,option|call|MO2312-C-6300,-126218.79093632667,1519.782820849041,-127738.57375717572,24.846218688253284,50.8
greed_cross_front_d40,2023-11-07,replacement_sale,option|call|MO2401-C-6700,49080.73291479964,1471.6417481457408,47609.0911666539,-24.059182801372376,20.4
greed_cross_front_d40,2024-01-18,final_buyback,option|call|MO2401-C-6700,-481.1836560274475,1292.8019028528156,-1773.9855588802632,24.059182801372376,0.2
greed_cross_front_d40,2024-02-23,initial_sale,option|call|MO2403-C-5300,371866.7878254394,1539.820219600447,370326.96760583896,-29.46646496239615,126.2
greed_cross_front_d40,2024-02-27,rescue_buyback,option|call|MO2403-C-5300,-567524.1151757499,1589.4311386697354,-569113.5463144195,29.46646496239615,192.6
greed_cross_front_d40,2024-02-27,replacement_sale,option|call|MO2404-C-5600,391482.0812989062,1573.5228442004948,389908.5584547056,-29.171541080395397,134.2
greed_cross_front_d40,2024-03-01,rescue_buyback,option|call|MO2404-C-5600,-442240.56277879415,1575.8288545229002,-443816.391633317,29.171541080395397,151.6
greed_cross_front_d40,2024-03-01,replacement_sale,option|call|MO2405-C-5900,297454.078449057,1578.417276112987,295875.661172944,-29.21945760796238,101.8
greed_cross_front_d40,2024-03-19,rescue_buyback,option|call|MO2405-C-5900,-239599.55238529152,1638.4737805020886,-241238.0261657936,29.21945760796238,82.0
greed_cross_front_d40,2024-03-19,replacement_sale,option|call|MO2406-C-6200,174811.38958209276,1633.7508279947426,173177.638754098,-29.13523159701546,60.0
greed_cross_front_d40,2024-06-20,final_buyback,option|call|MO2406-C-6200,-582.7046319403091,1473.1175161647056,-2055.822148105015,29.13523159701546,0.2
greed_cross_front_d40,2025-02-25,initial_sale,option|call|MO2503-C-6600,261355.86078830893,2510.353469374904,258845.507318934,-39.00833743109089,67.0
greed_cross_front_d40,2025-02-27,rescue_buyback,option|call|MO2503-C-6600,-302704.6984652653,2535.358593834981,-305240.05705910025,39.00833743109089,77.6
greed_cross_front_d40,2025-02-27,replacement_sale,option|call|MO2504-C-7000,195346.71629380688,2539.323685906173,192807.3926079007,-39.06934325876137,50.0
greed_cross_front_d40,2025-04-10,final_buyback,option|call|MO2504-C-7000,-10158.029247277958,2252.9356324836376,-12410.964879761594,39.06934325876137,2.6
greed_cross_front_d40,2025-09-01,initial_sale,option|call|MO2509-C-7600,389074.12583056954,3179.1967329256267,385894.929097644,-42.38280237805768,91.8
greed_cross_front_d40,2025-09-03,rescue_buyback,option|call|MO2509-C-7600,-122062.47084880613,3054.476012711669,-125116.94686151782,42.38280237805768,28.8
greed_cross_front_d40,2025-09-03,replacement_sale,option|call|MO2510-C-8000,187071.64783222706,3064.095838733021,184007.55199349404,-42.51628359823342,44.0
greed_cross_front_d40,2025-10-10,rescue_buyback,option|call|MO2510-C-8000,-10203.908063576022,3203.100276980429,-13407.00834055645,42.51628359823342,2.4
greed_cross_front_d40,2025-10-10,replacement_sale,option|call|MO2511-C-8400,80131.85503876673,3211.1647453625624,76920.69029340419,-42.62332714828018,18.8
greed_cross_front_d40,2025-11-20,final_buyback,option|call|MO2511-C-8400,-852.4665429656037,3128.727820791617,-3981.194363757221,42.62332714828018,0.2
greed_cross_front_d40,2026-01-27,initial_sale,option|call|MO2602-C-8500,770345.4684230173,3648.109366767458,766697.35905625,-43.52234284875804,177.0
greed_cross_front_d40,2026-01-29,rescue_buyback,option|call|MO2602-C-8500,-602349.2250268114,3626.371697408217,-605975.5967242196,43.52234284875804,138.4
greed_cross_front_d40,2026-01-29,replacement_sale,option|call|MO2603-C-9000,549033.2257292893,3619.191840707409,545414.0338885819,-43.436172921620994,126.4
greed_cross_front_d40,2026-02-03,final_buyback,option|call|MO2603-C-9000,-386581.93900242687,3500.418232023612,-390082.3572344504,43.436172921620994,89.0
greed_cross_front_d40,2026-05-15,initial_sale,option|call|MO2606-C-9000,518298.9443135409,3920.043904215804,514378.900409325,-45.14799166494259,114.8
greed_cross_front_d40,2026-05-19,rescue_buyback,option|call|MO2606-C-9000,-577894.2933112651,3976.9263103943817,-581871.2196216595,45.14799166494259,128.0
greed_cross_front_d40,2026-05-19,replacement_sale,option|call|MO2607-C-9500,387166.73999420163,3974.841921231032,383191.8980729707,-45.12432867065287,85.8
greed_cross_front_d40,2026-07-16,final_buyback,option|call|MO2607-C-9500,-902.4865734130575,3443.7813682419915,-4346.267941655049,45.12432867065287,0.2
