candidate,signal_date,execution_date,contract,expiry,signal_dte,execution_dte,premium_points,price_basis,index_close,strike,entry_otm,actual_delta_t_close,entry_inside_5pct_threat,momentum_120,fear_greed_index,fear_prev,momneg_fear_gt25,momneg_fear_gt35,momneg_fear_gt45,greed75_level,greed75_downcross,open_date,net_call_pnl,rescue_rolls,outcome
greed_cross_front_d20,2022-11-16,2022-11-17,MO2212-C-7100,2022-12-16,30,29,44.6,T_plus_1_dated_close_market_maker,6702.041,7100.0,0.0593787773008251,0.2009661452148655,False,0.0565265019901577,45.44,76.41,False,False,False,False,True,2022-11-17,97691.22539687886,0,win
greed_cross_front_d20,2023-04-04,2023-04-06,MO2304-C-7200,2023-04-21,17,15,15.2,T_plus_1_dated_close_market_maker,6953.363,7200.0,0.0354701746478645,0.1451005076048786,True,0.1618952022900488,45.31,75.29,False,False,False,False,True,2023-04-06,19096.72421715985,1,win
greed_cross_front_d20,2023-10-31,2023-11-01,MO2311-C-6100,2023-11-17,17,16,25.0,T_plus_1_dated_close_market_maker,5969.341,6100.0,0.0218883457989751,0.2531467996109856,True,-0.1135478942656255,46.41,76.14,True,True,True,False,True,2023-11-01,9883.72829182361,2,win
greed_cross_front_d20,2024-02-22,2024-02-23,MO2403-C-5500,2024-03-15,22,21,63.8,T_plus_1_dated_close_market_maker,5151.534,5500.0,0.067643152505642,0.2130349383303174,False,-0.149514847772995,72.94,75.22,True,True,True,False,True,2024-02-23,-724.9116061720106,2,loss
greed_cross_front_d20,2025-02-24,2025-02-25,MO2503-C-6800,2025-03-21,25,24,30.2,T_plus_1_dated_close_market_maker,6464.024,6800.0,0.0519762921672319,0.1930812138322192,False,0.4115734618186519,67.02,79.06,False,False,False,False,True,2025-02-25,71381.0592928577,1,win
greed_cross_front_d20,2025-08-29,2025-09-01,MO2509-C-7900,2025-09-19,21,18,33.8,T_plus_1_dated_close_market_maker,7438.677,7900.0,0.062016807558656,0.1869168947983022,False,0.1430463454042976,67.25,76.31,False,False,False,False,True,2025-09-01,135603.15486088634,0,win
greed_cross_front_d20,2025-09-25,2025-09-26,MO2510-C-7900,2025-10-17,22,21,20.0,T_plus_1_dated_close_market_maker,7506.512,7900.0,0.0524195525165349,0.167714731068077,False,0.2100920532552497,67.05,78.38,False,False,False,False,True,2025-09-26,177473.61381938006,1,win
greed_cross_front_d20,2026-01-26,2026-01-27,MO2602-C-8900,2026-02-24,29,28,75.8,T_plus_1_dated_close_market_maker,8365.435,8900.0,0.0639016381096739,0.2084394489179688,False,0.2451376665145488,42.76,77.73,False,False,False,False,True,2026-01-27,217815.49150493214,0,win
greed_cross_front_d20,2026-05-14,2026-05-15,MO2606-C-9400,2026-06-22,39,38,45.2,T_plus_1_dated_close_market_maker,8778.709,9400.0,0.0707724791879989,0.1813322670316344,False,0.1641628842385367,51.87,77.42,False,False,False,False,True,2026-05-15,192022.50930008185,0,win
greed_cross_front_d40,2022-11-16,2022-11-17,MO2212-C-6800,2022-12-16,30,29,124.8,T_plus_1_dated_close_market_maker,6702.041,6800.0,0.014616293752903,0.4242712363513518,True,0.0565265019901577,45.44,76.41,False,False,False,False,True,2022-11-17,191149.75616744705,1,win
greed_cross_front_d40,2023-04-04,2023-04-06,MO2304-C-7000,2023-04-21,17,15,65.6,T_plus_1_dated_close_market_maker,6953.363,7000.0,0.0067071142409793,0.4291213396563038,True,0.1618952022900488,45.31,75.29,False,False,False,False,True,2023-04-06,50693.77238414421,1,win
greed_cross_front_d40,2023-10-31,2023-11-01,MO2311-C-6000,2023-11-17,17,16,52.4,T_plus_1_dated_close_market_maker,5969.341,6000.0,0.0051360778350575,0.4450890927528776,True,-0.1135478942656255,46.41,76.14,True,True,True,False,True,2023-11-01,-23261.041624810394,2,loss
greed_cross_front_d40,2024-02-22,2024-02-23,MO2403-C-5300,2024-03-15,22,21,126.2,T_plus_1_dated_close_market_maker,5151.534,5300.0,0.0288197651418005,0.3696290517428093,True,-0.149514847772995,72.94,75.22,True,True,True,False,True,2024-02-23,-26934.96027404868,3,loss
greed_cross_front_d40,2025-02-24,2025-02-25,MO2503-C-6600,2025-03-21,25,24,67.0,T_plus_1_dated_close_market_maker,6464.024,6600.0,0.0210358129858427,0.3525205050919509,True,0.4115734618186519,67.02,79.06,False,False,False,False,True,2025-02-25,134001.87798797287,1,win
greed_cross_front_d40,2025-08-29,2025-09-01,MO2509-C-7600,2025-09-19,21,18,91.8,T_plus_1_dated_close_market_maker,7438.677,7600.0,0.0216870553728842,0.3690991805192998,True,0.1430463454042976,67.25,76.31,False,False,False,False,True,2025-09-01,504318.02181871067,2,win
greed_cross_front_d40,2026-01-26,2026-01-27,MO2602-C-8500,2026-02-24,29,28,177.0,T_plus_1_dated_close_market_maker,8365.435,8500.0,0.0160858341496885,0.4184079434876867,True,0.2451376665145488,42.76,77.73,False,False,False,False,True,2026-01-27,316053.4389861617,1,win
greed_cross_front_d40,2026-05-14,2026-05-15,MO2606-C-9000,2026-06-22,39,38,114.8,T_plus_1_dated_close_market_maker,8778.709,9000.0,0.0252076928395734,0.3743187724249785,True,0.1641628842385367,51.87,77.42,False,False,False,False,True,2026-05-15,311353.31091898115,1,win
