candidate,open_date,gross_initial_premium,gross_replacement_premium,gross_rescue_buyback,gross_final_buyback,fees,sides,rescue_rolls,close_date,net_call_pnl
greed_cross_front_d20,2022-11-17,101164.39764063507,0.0,0.0,-453.65200735710795,3019.520236399113,2,0,2022-12-15,97691.22539687886
greed_cross_front_d20,2023-04-06,32815.15847954566,12077.852929129056,-19430.028047099404,-431.3518903260378,5934.907254089423,4,1,2023-05-18,19096.72421715985
greed_cross_front_d20,2023-11-01,61100.80403238814,41788.3100655759,-83896.79253544036,-472.9908701359247,8635.60240056415,6,2,2024-01-18,9883.72829182361
greed_cross_front_d20,2024-02-23,187395.0244358976,396589.50846149854,-574533.6116413279,-585.5303998024589,9590.30246243783,6,2,2024-05-16,-724.9116061720106
greed_cross_front_d20,2025-02-25,117562.0137364893,116253.17546125241,-144811.4871191193,-7802.226541023651,9820.416244741064,4,1,2025-04-10,71381.0592928577
greed_cross_front_d20,2025-09-01,142774.64502242627,0.0,0.0,-844.8203847480846,6326.669776791838,2,0,2025-09-18,135603.15486088634
greed_cross_front_d20,2025-09-26,85566.44932341926,152607.28701929035,-47061.54712788059,-847.8182612182798,12790.75713423069,4,1,2025-11-20,177473.61381938006
greed_cross_front_d20,2026-01-27,327874.4199176011,0.0,0.0,-102947.37723006474,7111.55118260423,2,0,2026-02-03,217815.49150493214
greed_cross_front_d20,2026-05-15,202531.604514942,0.0,0.0,-2688.47262630454,7820.622588555629,2,0,2026-06-18,192022.50930008185
greed_cross_front_d40,2022-11-17,283078.8525908353,147328.17253746768,-232723.47977419637,-454.71658190576443,6079.072604753815,4,1,2023-01-19,191149.75616744705
greed_cross_front_d40,2023-04-06,142038.84992180462,34555.07589511031,-119520.49566590879,-431.9384486888789,5947.7193181730445,4,1,2023-05-18,50693.77238414421
greed_cross_front_d40,2023-11-01,128612.69956194704,107717.8090190774,-250413.49700187094,-481.1836560274475,8696.86954793644,6,2,2024-01-18,-23261.041624810394
greed_cross_front_d40,2024-02-23,371866.7878254394,863747.549330056,-1249364.2303398356,-582.7046319403091,12602.362457768102,8,3,2024-06-20,-26934.96027404868
greed_cross_front_d40,2025-02-25,261355.86078830893,195346.71629380688,-302704.6984652653,-10158.029247277958,9837.971381599695,4,1,2025-04-10,134001.87798797287
greed_cross_front_d40,2025-09-01,389074.12583056954,267203.5028709938,-132266.37891238215,-852.4665429656037,18840.761427504927,6,2,2025-11-20,504318.02181871067
greed_cross_front_d40,2026-01-27,770345.4684230173,549033.2257292893,-602349.2250268114,-386581.93900242687,14394.091136906698,4,1,2026-02-03,316053.4389861617
greed_cross_front_d40,2026-05-15,518298.9443135409,387166.73999420163,-577894.2933112651,-902.4865734130575,15315.593504083208,4,1,2026-07-16,311353.31091898115
