month,url,source,bytes,sha256,member_count,first_date,last_date
202207,http://www.cffex.com.cn/sj/historysj/202207/zip/202207.zip,download,244117,2a23b7baf87fa932beafdd182066534ab6a455c1b9f7656445af0f25def2c18e,21,2022-07-01,2022-07-29
202208,http://www.cffex.com.cn/sj/historysj/202208/zip/202208.zip,download,350607,109890fc5c265d4c07f937e5832e9f3b3510d22a6c4439e3e50586f54f2c75ce,23,2022-08-01,2022-08-31
202209,http://www.cffex.com.cn/sj/historysj/202209/zip/202209.zip,download,334650,5a852db7f1ddbb39221e8474dabb00c9478f2cf99c07c1def7d04f7cd3a27e8e,21,2022-09-01,2022-09-30
202210,http://www.cffex.com.cn/sj/historysj/202210/zip/202210.zip,download,279391,d020681a139b57bfbde6bdd68113204652e5484df6e4363cd72e19914a9aca6d,16,2022-10-10,2022-10-31
202211,http://www.cffex.com.cn/sj/historysj/202211/zip/202211.zip,download,369900,0768bdac35ab80e21e0e351383c767d2c42964e872afe0329d06ef31296ffe25,22,2022-11-01,2022-11-30
202212,http://www.cffex.com.cn/sj/historysj/202212/zip/202212.zip,download,385294,59b3aca862139a16910d2bc732df7849ea67e530b151a30aac9c3f33fbe98ddd,22,2022-12-01,2022-12-30
202301,http://www.cffex.com.cn/sj/historysj/202301/zip/202301.zip,download,323695,d4275b11d25ff0fbec59626e22267d7a36ee6ff6077caac84bb2d4e45434be79,16,2023-01-03,2023-01-31
202302,http://www.cffex.com.cn/sj/historysj/202302/zip/202302.zip,download,411548,219ca2430e2d00cda639c48cd3f247a02946a51158e76851f0c9398df56dfa94,20,2023-02-01,2023-02-28
202303,http://www.cffex.com.cn/sj/historysj/202303/zip/202303.zip,download,454199,bc216b566a913bea589dbf50bb877240e3140ff488c398aa33b75fb0d96e5750,23,2023-03-01,2023-03-31
202304,http://www.cffex.com.cn/sj/historysj/202304/zip/202304.zip,download,372953,7a841185707f4dd696c3028af3563e551048d3d63a643c2d2a427e341a8cae6e,19,2023-04-03,2023-04-28
202305,http://www.cffex.com.cn/sj/historysj/202305/zip/202305.zip,download,395001,6d22bf5dc77153c114ed1c661cd8ea0ee61266b65fce67c3f705b567bedc8326,20,2023-05-04,2023-05-31
202306,http://www.cffex.com.cn/sj/historysj/202306/zip/202306.zip,download,405683,8a77a961125389be845eb1398c9dede591a7a7c0e2fdc47636b05162591f95ee,20,2023-06-01,2023-06-30
202307,http://www.cffex.com.cn/sj/historysj/202307/zip/202307.zip,download,407896,9ec8ce24a47406599701655264aee9728138a04fdd345918746072908cebee25,21,2023-07-03,2023-07-31
202308,http://www.cffex.com.cn/sj/historysj/202308/zip/202308.zip,download,467281,9df1a0bb03b9c7bd4d1ba28d9d0ae18998788068000ed42ed3946fdae95597ca,23,2023-08-01,2023-08-31
202309,http://www.cffex.com.cn/sj/historysj/202309/zip/202309.zip,download,398825,f9d6d232a48ab5c4721862f963a7608999694b1cbc5f0ca87ba29e4734052f7e,20,2023-09-01,2023-09-28
202310,http://www.cffex.com.cn/sj/historysj/202310/zip/202310.zip,download,343767,f47461f0bcb617eabe1c787508251c5b1f1a8b8de802cf32e2834d8abfe6c978,17,2023-10-09,2023-10-31
202311,http://www.cffex.com.cn/sj/historysj/202311/zip/202311.zip,download,441561,447cbd9d3b97a8addfc404c1bd2b994b36280bc9c0735c4aa63d61cd4d76287b,22,2023-11-01,2023-11-30
202312,http://www.cffex.com.cn/sj/historysj/202312/zip/202312.zip,download,447476,39881e480fdd5589a2cf9a92f9f6b191114b84bcaedbe342610b5deda3569022,21,2023-12-01,2023-12-29
202401,http://www.cffex.com.cn/sj/historysj/202401/zip/202401.zip,download,502378,1b6ffec1ac852f01656af5ff18c0a6cb309f7caa0cd134e139bfe8fee5b9a371,22,2024-01-02,2024-01-31
202402,http://www.cffex.com.cn/sj/historysj/202402/zip/202402.zip,download,402863,3d27b22880d26bd42bd99e56e9395dadf9af78dc28351bee290d1dedd11ce8d4,15,2024-02-01,2024-02-29
202403,http://www.cffex.com.cn/sj/historysj/202403/zip/202403.zip,download,513686,5bf6291462d1aab31a1d803501e60f6b9fd3bd7e283c325f72b644be79862617,21,2024-03-01,2024-03-29
202404,http://www.cffex.com.cn/sj/historysj/202404/zip/202404.zip,download,465934,39d61738e7fc5c497e32dcc18efdac1b8de426775908323209c644d4ba4ab196,20,2024-04-01,2024-04-30
202405,http://www.cffex.com.cn/sj/historysj/202405/zip/202405.zip,download,443719,0de71610570dd7849439e81871c336141b00d7d629698f952f8b931715971fa2,20,2024-05-06,2024-05-31
202406,http://www.cffex.com.cn/sj/historysj/202406/zip/202406.zip,download,411919,25045c26e0f52ac450eff73e35ccbea61efae3d91adc34e98ec0d522355ba953,19,2024-06-03,2024-06-28
202407,http://www.cffex.com.cn/sj/historysj/202407/zip/202407.zip,download,500492,b6f542bf35d115e7c7ebbb553025086ae5c23b66a925033dcc7a415d4b6f5e1c,23,2024-07-01,2024-07-31
202408,http://www.cffex.com.cn/sj/historysj/202408/zip/202408.zip,download,480597,cedcbfeea91732ec2e58f760a5973a5aea2ad906e915b9cd30be2ecf51bfd838,22,2024-08-01,2024-08-30
202409,http://www.cffex.com.cn/sj/historysj/202409/zip/202409.zip,download,443641,f3e0223c5c7def172e39b47fd5b6f252936522218786b9b4b5ee62698ed99367,19,2024-09-02,2024-09-30
202410,http://www.cffex.com.cn/sj/historysj/202410/zip/202410.zip,download,574237,d898052baa2fc1cb24681e28be21bf51093b2359175773c4608d295f06905fea,18,2024-10-08,2024-10-31
202411,http://www.cffex.com.cn/sj/historysj/202411/zip/202411.zip,download,606434,b39bd8b9c70d4c18beb59022f4b4441bd897e9ad53327d02f60af8f6ed52735e,21,2024-11-01,2024-11-29
202412,http://www.cffex.com.cn/sj/historysj/202412/zip/202412.zip,download,569301,b10da45825849d6f5c749fa83923d389d4cbbecb2fe958f9c2288cd8e032f19e,22,2024-12-02,2024-12-31
202501,http://www.cffex.com.cn/sj/historysj/202501/zip/202501.zip,download,451440,512324c72d833e1d45a036dbeaa133aa943163e8973623b5e5d87674b28318d5,18,2025-01-02,2025-01-27
202502,http://www.cffex.com.cn/sj/historysj/202502/zip/202502.zip,download,425191,2a2e25828029b0fc834e750d282f4461302b0f34d1a84ea33aecd74cf639a657,18,2025-02-05,2025-02-28
202503,http://www.cffex.com.cn/sj/historysj/202503/zip/202503.zip,download,456781,06414ede4a513531967b647eb21834fc859fd2ac3edcd7fd71fc46d26ff8325c,21,2025-03-03,2025-03-31
202504,http://www.cffex.com.cn/sj/historysj/202504/zip/202504.zip,download,469729,d278bda3cf19a7093cc0196be33c9425cc53d6814f7d799e309cd50546a52cc6,21,2025-04-01,2025-04-30
202505,http://www.cffex.com.cn/sj/historysj/202505/zip/202505.zip,download,400706,f223d85b9c542e52991a6da478084d81dd080e2dca306b22b7f15a2687d0cc6a,19,2025-05-06,2025-05-30
202506,http://www.cffex.com.cn/sj/historysj/202506/zip/202506.zip,download,394773,27b31853299215c45fd624da2ca4d4508fe76e91187846e1dbf5fe1b8d4b7d90,20,2025-06-03,2025-06-30
202507,http://www.cffex.com.cn/sj/historysj/202507/zip/202507.zip,download,452619,5d1d84707042318eb0edaf86f932d7d876570dc187dad3270abf6f640485b307,23,2025-07-01,2025-07-31
202508,http://www.cffex.com.cn/sj/historysj/202508/zip/202508.zip,download,465495,676d391001d90d0f36c065bccd807e94b96d76e42b300f7e1c0f12a542179758,21,2025-08-01,2025-08-29
202509,http://www.cffex.com.cn/sj/historysj/202509/zip/202509.zip,download,529454,74fa916d7c5d0b1330da0050f47468c76541f9a8ac9ed11dfe253455910ffca3,22,2025-09-01,2025-09-30
202510,http://www.cffex.com.cn/sj/historysj/202510/zip/202510.zip,download,384322,f89a692ccea05183e73cf4a2012235adba8aac8962aa94cb2040781f58c59a00,17,2025-10-09,2025-10-31
202511,http://www.cffex.com.cn/sj/historysj/202511/zip/202511.zip,download,434839,6126b8ba26c0f15b779ba6846b27c62356d2310d1726c61e50491b4801d7fa6a,20,2025-11-03,2025-11-28
202512,http://www.cffex.com.cn/sj/historysj/202512/zip/202512.zip,download,478985,ab425e58fedad5611810d4630bc6fa0c2515a340ef3f34b0ebc46a2d65183bad,23,2025-12-01,2025-12-31
202601,http://www.cffex.com.cn/sj/historysj/202601/zip/202601.zip,download,458362,2ae568fe1052125e9e0ec4fddc6bd1b7be398b5b50dbe2b7c4ea9c2b2abc21a2,20,2026-01-05,2026-01-30
202602,http://www.cffex.com.cn/sj/historysj/202602/zip/202602.zip,download,322438,d941d98346893fb6d89294cca8020fd9ce7c31ea2613c5ac1342942ac3c91b6e,14,2026-02-02,2026-02-27
202603,http://www.cffex.com.cn/sj/historysj/202603/zip/202603.zip,download,503666,21d7019143ce71b050f5a4078b9fdcc7025f085b91e4c8f7901e86bfc11afc14,22,2026-03-02,2026-03-31
202604,http://www.cffex.com.cn/sj/historysj/202604/zip/202604.zip,download,471215,9bb1cb86c5b3731da2f1d014bce280bf7702718528fdc7a9fa900acc01e1294a,21,2026-04-01,2026-04-30
202605,http://www.cffex.com.cn/sj/historysj/202605/zip/202605.zip,download,416314,66b7425b6cb0e1fe120d1f437e7c6e6c9a77af763f45a3989db91ae8aa488e90,18,2026-05-06,2026-05-29
202606,http://www.cffex.com.cn/sj/historysj/202606/zip/202606.zip,download,483762,de56df1e96fe12f837985ffbd793b8996ab0ae10d28773b2df3f1ef428bd9fdb,21,2026-06-01,2026-06-30
202607,http://www.cffex.com.cn/sj/historysj/202607/zip/202607.zip,download,535917,abeff1a696ab0f717bead36a736b77bb1346b4a0ee8abbd11b433b4c5ffe98f7,23,2026-07-01,2026-07-31
202608,http://www.cffex.com.cn/sj/historysj/202608/zip/202608.zip,download,477030,887147411a5c56c74aa548400cddbb74566da7f5d69f1aa39cafd6e617cb90d7,21,2026-08-03,2026-08-31
