candidate,instrument,dataset,segment,start,end,rows,ann_return,ann_vol,sharpe_repo,max_dd,total_return,ending_nav_from_1,grid_entries,grid_exits,completed_cycles_lower_bound,grid_held_days,grid_holding_day_ratio,average_grid_units,grid_trade_fees,fear_entry_max,valuation_entry_threshold,valuation_exit_threshold,grid_units,account_grid_trade_fills,account_grid_trade_fees_total,unavailable_reason
IC_NO_GRID_LISTED_FIX9,IC,listed_quotes_fix9_asif_current,full,2022-09-19,2026-08-13,945,0.22769909856145154,0.11796207570816854,1.7981497540648768,-0.0912816711294212,1.1582152830927375,2.1582152830927375,0,0,0,0,0.0,0.0,0.0,,,,0.5,0,0.0,
IC_NO_GRID_LISTED_FIX9,IC,listed_quotes_fix9_asif_current,last_10y,,2026-08-13,0,N/A,N/A,N/A,N/A,N/A,N/A,N/A,N/A,N/A,N/A,N/A,N/A,N/A,,,,0.5,0,0.0,可用模型数据为2022-09-19至2026-08-13，不足10个完整日历年。
IC_NO_GRID_LISTED_FIX9,IC,listed_quotes_fix9_asif_current,last_5y,,2026-08-13,0,N/A,N/A,N/A,N/A,N/A,N/A,N/A,N/A,N/A,N/A,N/A,N/A,N/A,,,,0.5,0,0.0,可用模型数据为2022-09-19至2026-08-13，不足5个完整日历年。
IC_NO_GRID_LISTED_FIX9,IC,listed_quotes_fix9_asif_current,last_3y,2023-08-14,2026-08-13,727,0.3168789673976016,0.12884274361198764,2.2013235574515133,-0.06217792911221798,1.2124849352042375,2.2124849352042375,0,0,0,0,0.0,0.0,0.0,,,,0.5,0,0.0,
IC_NO_GRID_LISTED_FIX9,IC,listed_quotes_fix9_asif_current,last_1y,2025-08-14,2026-08-13,242,0.5450895530305928,0.15513266270639955,2.883753136873015,-0.062177929112217534,0.518642309327201,1.518642309327201,0,0,0,0,0.0,0.0,0.0,,,,0.5,0,0.0,
IC_VALUATION_GRID_LISTED_FIX9,IC,listed_quotes_fix9_asif_current,full,2022-09-19,2026-08-13,945,0.3235723994234132,0.1534133240631158,1.9033243949627443,-0.09993634870652435,1.8612373345099296,2.8612373345099296,3,3,3,129,0.1365079365079365,0.06825396825396825,13455.578759703747,,0.5,1.0,0.5,10,13455.578759703747,
IC_VALUATION_GRID_LISTED_FIX9,IC,listed_quotes_fix9_asif_current,last_10y,,2026-08-13,0,N/A,N/A,N/A,N/A,N/A,N/A,N/A,N/A,N/A,N/A,N/A,N/A,N/A,,0.5,1.0,0.5,10,13455.578759703747,可用模型数据为2022-09-19至2026-08-13，不足10个完整日历年。
IC_VALUATION_GRID_LISTED_FIX9,IC,listed_quotes_fix9_asif_current,last_5y,,2026-08-13,0,N/A,N/A,N/A,N/A,N/A,N/A,N/A,N/A,N/A,N/A,N/A,N/A,N/A,,0.5,1.0,0.5,10,13455.578759703747,可用模型数据为2022-09-19至2026-08-13，不足5个完整日历年。
IC_VALUATION_GRID_LISTED_FIX9,IC,listed_quotes_fix9_asif_current,last_3y,2023-08-14,2026-08-13,727,0.4306196495673025,0.16621671406998095,2.2370663049904573,-0.07080988104596264,1.8097969245005432,2.809796924500543,2,2,2,88,0.12104539202200826,0.06052269601100413,11032.60491690224,,0.5,1.0,0.5,10,13455.578759703747,
IC_VALUATION_GRID_LISTED_FIX9,IC,listed_quotes_fix9_asif_current,last_1y,2025-08-14,2026-08-13,242,0.5450895530299114,0.15513266270618845,2.883753136873881,-0.06217792911208586,0.518642309326558,1.518642309326558,0,0,0,0,0.0,0.0,0.0,,0.5,1.0,0.5,10,13455.578759703747,
IC_FEAR_ONLY_ENTRY_VALUATION_EXIT_LISTED_FIX9,IC,listed_quotes_fix9_asif_current,full,2022-09-19,2026-08-13,945,0.3563217359987658,0.15817036187726088,2.0054405199426055,-0.09877862723672926,2.135885567252583,3.135885567252583,18,18,18,178,0.18835978835978837,0.09417989417989418,105620.34081848292,25.0,,1.0,0.5,40,105620.34081848292,
IC_FEAR_ONLY_ENTRY_VALUATION_EXIT_LISTED_FIX9,IC,listed_quotes_fix9_asif_current,last_10y,,2026-08-13,0,N/A,N/A,N/A,N/A,N/A,N/A,N/A,N/A,N/A,N/A,N/A,N/A,N/A,25.0,,1.0,0.5,40,105620.34081848292,可用模型数据为2022-09-19至2026-08-13，不足10个完整日历年。
IC_FEAR_ONLY_ENTRY_VALUATION_EXIT_LISTED_FIX9,IC,listed_quotes_fix9_asif_current,last_5y,,2026-08-13,0,N/A,N/A,N/A,N/A,N/A,N/A,N/A,N/A,N/A,N/A,N/A,N/A,N/A,25.0,,1.0,0.5,40,105620.34081848292,可用模型数据为2022-09-19至2026-08-13，不足5个完整日历年。
IC_FEAR_ONLY_ENTRY_VALUATION_EXIT_LISTED_FIX9,IC,listed_quotes_fix9_asif_current,last_3y,2023-08-14,2026-08-13,727,0.47318401257670506,0.17203501636678897,2.3377606723845914,-0.08033917788004619,2.0577930058616793,3.0577930058616793,17,17,17,138,0.18982118294360384,0.09491059147180192,103190.32023325795,25.0,,1.0,0.5,40,105620.34081848292,
IC_FEAR_ONLY_ENTRY_VALUATION_EXIT_LISTED_FIX9,IC,listed_quotes_fix9_asif_current,last_1y,2025-08-14,2026-08-13,242,0.5810449003387854,0.16457308747509208,2.8675183747442152,-0.06020035445037453,0.5525642884340742,1.5525642884340742,11,11,11,11,0.045454545454545456,0.022727272727272728,76167.08118651982,25.0,,1.0,0.5,40,105620.34081848292,
IC_VALUATION_OR_FEAR25_LISTED_FIX9,IC,listed_quotes_fix9_asif_current,full,2022-09-19,2026-08-13,945,0.35380075616624396,0.1585640409131266,1.989095161842493,-0.09993634870652435,2.1140839864909697,3.1140839864909697,18,18,18,179,0.18941798941798943,0.09470899470899471,104886.59231091331,25.0,0.5,1.0,0.5,40,104886.59231091331,
IC_VALUATION_OR_FEAR25_LISTED_FIX9,IC,listed_quotes_fix9_asif_current,last_10y,,2026-08-13,0,N/A,N/A,N/A,N/A,N/A,N/A,N/A,N/A,N/A,N/A,N/A,N/A,N/A,25.0,0.5,1.0,0.5,40,104886.59231091331,可用模型数据为2022-09-19至2026-08-13，不足10个完整日历年。
IC_VALUATION_OR_FEAR25_LISTED_FIX9,IC,listed_quotes_fix9_asif_current,last_5y,,2026-08-13,0,N/A,N/A,N/A,N/A,N/A,N/A,N/A,N/A,N/A,N/A,N/A,N/A,N/A,25.0,0.5,1.0,0.5,40,104886.59231091331,可用模型数据为2022-09-19至2026-08-13，不足5个完整日历年。
IC_VALUATION_OR_FEAR25_LISTED_FIX9,IC,listed_quotes_fix9_asif_current,last_3y,2023-08-14,2026-08-13,727,0.473234911953047,0.172328946385926,2.334252819083116,-0.08084663224766098,2.05809780347264,3.05809780347264,17,17,17,138,0.18982118294360384,0.09491059147180192,102463.61846811179,25.0,0.5,1.0,0.5,40,104886.59231091331,
IC_VALUATION_OR_FEAR25_LISTED_FIX9,IC,listed_quotes_fix9_asif_current,last_1y,2025-08-14,2026-08-13,242,0.5810449003387874,0.16457308747509083,2.867518374744237,-0.060200354450374416,0.552564288434076,1.552564288434076,11,11,11,11,0.045454545454545456,0.022727272727272728,75637.54567374314,25.0,0.5,1.0,0.5,40,104886.59231091331,
IM_NO_GRID_LISTED_FIX9,IM,listed_quotes_fix9_asif_current,full,2022-07-22,2026-08-14,986,0.21748035010155276,0.12056498512106124,1.6924603375950726,-0.08852345380434234,1.1596674226503532,2.159667422650353,0,0,0,0,0.0,0.0,0.0,,,,0.5,0,0.0,
IM_NO_GRID_LISTED_FIX9,IM,listed_quotes_fix9_asif_current,last_10y,,2026-08-14,0,N/A,N/A,N/A,N/A,N/A,N/A,N/A,N/A,N/A,N/A,N/A,N/A,N/A,,,,0.5,0,0.0,可用模型数据为2022-07-22至2026-08-14，不足10个完整日历年。
IM_NO_GRID_LISTED_FIX9,IM,listed_quotes_fix9_asif_current,last_5y,,2026-08-14,0,N/A,N/A,N/A,N/A,N/A,N/A,N/A,N/A,N/A,N/A,N/A,N/A,N/A,,,,0.5,0,0.0,可用模型数据为2022-07-22至2026-08-14，不足5个完整日历年。
IM_NO_GRID_LISTED_FIX9,IM,listed_quotes_fix9_asif_current,last_3y,2023-08-15,2026-08-14,727,0.32467195870295007,0.13042950251315472,2.2213026842102255,-0.07382667866235448,1.2504681896809227,2.2504681896809227,0,0,0,0,0.0,0.0,0.0,,,,0.5,0,0.0,
IM_NO_GRID_LISTED_FIX9,IM,listed_quotes_fix9_asif_current,last_1y,2025-08-15,2026-08-14,242,0.31074806883565853,0.12526049834018432,2.2236009388098017,-0.06391974317169402,0.2967485324165917,1.2967485324165917,0,0,0,0,0.0,0.0,0.0,,,,0.5,0,0.0,
IM_VALUATION_GRID_LISTED_FIX9,IM,listed_quotes_fix9_asif_current,full,2022-07-22,2026-08-14,986,0.2930467197447544,0.16744869953786498,1.6181116052292845,-0.12707084675815528,1.7334602907674546,2.7334602907674546,2,2,2,401,0.4066937119675456,0.2033468559837728,25553.87684267222,,1.6,2.0,0.5,16,25553.87684267222,
IM_VALUATION_GRID_LISTED_FIX9,IM,listed_quotes_fix9_asif_current,last_10y,,2026-08-14,0,N/A,N/A,N/A,N/A,N/A,N/A,N/A,N/A,N/A,N/A,N/A,N/A,N/A,,1.6,2.0,0.5,16,25553.87684267222,可用模型数据为2022-07-22至2026-08-14，不足10个完整日历年。
IM_VALUATION_GRID_LISTED_FIX9,IM,listed_quotes_fix9_asif_current,last_5y,,2026-08-14,0,N/A,N/A,N/A,N/A,N/A,N/A,N/A,N/A,N/A,N/A,N/A,N/A,N/A,,1.6,2.0,0.5,16,25553.87684267222,可用模型数据为2022-07-22至2026-08-14，不足5个完整日历年。
IM_VALUATION_GRID_LISTED_FIX9,IM,listed_quotes_fix9_asif_current,last_3y,2023-08-15,2026-08-14,727,0.4044351583259278,0.18391564380914,1.9384276968901426,-0.1270708467581554,1.663978268356046,2.663978268356046,1,1,1,382,0.5254470426409904,0.2627235213204952,22591.38402841577,,1.6,2.0,0.5,16,25553.87684267222,
IM_VALUATION_GRID_LISTED_FIX9,IM,listed_quotes_fix9_asif_current,last_1y,2025-08-15,2026-08-14,242,0.31713993192133416,0.12294339459710839,2.302764771565213,-0.0639197431716938,0.30282060390272303,1.302820603902723,0,1,0,2,0.008264462809917356,0.004132231404958678,2052.230057047649,,1.6,2.0,0.5,16,25553.87684267222,
IM_FEAR_ONLY_ENTRY_VALUATION_EXIT_LISTED_FIX9,IM,listed_quotes_fix9_asif_current,full,2022-07-22,2026-08-14,986,0.3254204941240475,0.1731476416350076,1.713372389542602,-0.13099533418373632,2.0111546115303494,3.0111546115303494,10,10,10,419,0.4249492900608519,0.21247464503042596,85563.35985317077,25.0,,2.0,0.5,32,85563.35985317077,
IM_FEAR_ONLY_ENTRY_VALUATION_EXIT_LISTED_FIX9,IM,listed_quotes_fix9_asif_current,last_10y,,2026-08-14,0,N/A,N/A,N/A,N/A,N/A,N/A,N/A,N/A,N/A,N/A,N/A,N/A,N/A,25.0,,2.0,0.5,32,85563.35985317077,可用模型数据为2022-07-22至2026-08-14，不足10个完整日历年。
IM_FEAR_ONLY_ENTRY_VALUATION_EXIT_LISTED_FIX9,IM,listed_quotes_fix9_asif_current,last_5y,,2026-08-14,0,N/A,N/A,N/A,N/A,N/A,N/A,N/A,N/A,N/A,N/A,N/A,N/A,N/A,25.0,,2.0,0.5,32,85563.35985317077,可用模型数据为2022-07-22至2026-08-14，不足5个完整日历年。
IM_FEAR_ONLY_ENTRY_VALUATION_EXIT_LISTED_FIX9,IM,listed_quotes_fix9_asif_current,last_3y,2023-08-15,2026-08-14,727,0.45405279629312356,0.19069796790549198,2.058404443153969,-0.1309953341837362,1.944631166185777,2.944631166185777,8,8,8,399,0.5488308115543329,0.27441540577716644,79860.51015450626,25.0,,2.0,0.5,32,85563.35985317077,
IM_FEAR_ONLY_ENTRY_VALUATION_EXIT_LISTED_FIX9,IM,listed_quotes_fix9_asif_current,last_1y,2025-08-15,2026-08-14,242,0.38247671910479064,0.1321355642367736,2.5182182130949515,-0.07836050454422738,0.3648224787145453,1.3648224787145453,7,8,7,22,0.09090909090909091,0.045454545454545456,56922.61743685564,25.0,,2.0,0.5,32,85563.35985317077,
IM_VALUATION_OR_FEAR25_LISTED_FIX9,IM,listed_quotes_fix9_asif_current,full,2022-07-22,2026-08-14,986,0.3072616116222109,0.16940578302078071,1.6659626575076933,-0.12705630781962396,1.852931871322351,2.852931871322351,10,10,10,422,0.4279918864097363,0.21399594320486814,79955.82117194898,25.0,1.6,2.0,0.5,32,79955.82117194898,
IM_VALUATION_OR_FEAR25_LISTED_FIX9,IM,listed_quotes_fix9_asif_current,last_10y,,2026-08-14,0,N/A,N/A,N/A,N/A,N/A,N/A,N/A,N/A,N/A,N/A,N/A,N/A,N/A,25.0,1.6,2.0,0.5,32,79955.82117194898,可用模型数据为2022-07-22至2026-08-14，不足10个完整日历年。
IM_VALUATION_OR_FEAR25_LISTED_FIX9,IM,listed_quotes_fix9_asif_current,last_5y,,2026-08-14,0,N/A,N/A,N/A,N/A,N/A,N/A,N/A,N/A,N/A,N/A,N/A,N/A,N/A,25.0,1.6,2.0,0.5,32,79955.82117194898,可用模型数据为2022-07-22至2026-08-14，不足5个完整日历年。
IM_VALUATION_OR_FEAR25_LISTED_FIX9,IM,listed_quotes_fix9_asif_current,last_3y,2023-08-15,2026-08-14,727,0.42710062213630895,0.18612140019539003,2.003775681432158,-0.12705630781962385,1.7899039362282845,2.7899039362282845,8,8,8,402,0.5529573590096286,0.2764786795048143,74252.97147328446,25.0,1.6,2.0,0.5,32,79955.82117194898,
IM_VALUATION_OR_FEAR25_LISTED_FIX9,IM,listed_quotes_fix9_asif_current,last_1y,2025-08-15,2026-08-14,242,0.3820083432941386,0.1322591779339284,2.513424839643701,-0.0783605045442265,0.3643784300759547,1.3643784300759547,7,8,7,22,0.09090909090909091,0.045454545454545456,53788.53873982162,25.0,1.6,2.0,0.5,32,79955.82117194898,
